country_key,date_key,governance_key,economy_key,life_ladder,log_gdp_per_capita,social_support,healthy_life_expectancy,freedom_raw_score,corruption_raw_score,positive_affect,negative_affect,population,number_of_internet_users,internet_penetration_rate
G0001,4,GOV02,ECO02,3.724,7.37,0.451,50.8,0.718,0.882,0.518,0.258,26482631.0,487280.4,1.8399999607289774
G0001,5,GOV02,ECO02,4.402,7.54,0.552,51.2,0.679,0.85,0.584,0.237,27466102.0,975046.6,3.5499999235421176
G0001,6,GOV06,ECO02,4.758,7.647,0.539,51.6,0.6,0.707,0.618,0.275,28284088.0,1131363.5,3.999999929288864
G0001,7,GOV06,ECO02,3.832,7.62,0.521,51.92,0.496,0.731,0.611,0.267,29347708.0,1467385.4,5.0
G0001,8,GOV02,ECO02,3.783,7.705,0.521,52.24,0.531,0.776,0.71,0.268,30560036.0,1666911.1,5.454545603283975
G0001,9,GOV02,ECO02,3.572,7.725,0.484,52.56,0.578,0.823,0.621,0.273,31622709.0,1865739.9,5.900000218197625
G0001,10,GOV02,ECO02,3.131,7.718,0.526,52.88,0.509,0.871,0.532,0.375,32792528.0,2295477.0,7.000000121979007
G0001,11,GOV02,ECO02,3.983,7.702,0.529,53.2,0.389,0.881,0.554,0.339,33831767.0,2794504.0,8.260000135375725
G0001,12,GOV02,ECO02,4.22,7.697,0.559,53.0,0.523,0.793,0.565,0.348,34700613.0,3817067.5,11.000000201725543
G0001,13,GOV02,ECO02,2.662,7.697,0.491,52.8,0.427,0.954,0.496,0.371,35688941.0,4818007.0,13.499999901930405
G0001,14,GOV02,ECO02,2.694,7.692,0.508,52.6,0.374,0.928,0.424,0.405,36743040.0,6172830.5,16.79999940124715
G0001,15,GOV02,ECO02,2.375,7.697,0.42,52.4,0.394,0.924,0.351,0.502,37856125.0,6662678.0,17.6
G0002,3,GOV02,ECO02,4.634,9.142,0.821,65.8,0.529,0.875,0.553,0.246,3022887.0,454524.78,15.036115475040912
G0002,5,GOV02,ECO02,5.485,9.262,0.833,66.2,0.525,0.864,0.64,0.279,2961487.0,1220132.6,41.1999985142599
G0002,6,GOV06,ECO02,5.269,9.303,0.733,66.4,0.569,0.726,0.648,0.3,2928731.0,1317929.0,45.00000170722405
G0002,7,GOV02,ECO02,5.867,9.331,0.759,66.68,0.487,0.877,0.628,0.257,2911499.0,1368404.5,46.99999896960294
G0002,8,GOV02,ECO02,5.51,9.347,0.785,66.96,0.602,0.848,0.607,0.271,2910003.0,1437541.5,49.400000618556064
G0002,9,GOV02,ECO02,4.551,9.359,0.759,67.24,0.632,0.863,0.634,0.338,2907571.0,1506121.8,51.800000756645325
G0002,10,GOV02,ECO02,4.814,9.378,0.626,67.52,0.735,0.883,0.685,0.335,2903748.0,1576735.1,54.29999779595199
G0002,11,GOV02,ECO02,4.607,9.403,0.639,67.8,0.704,0.885,0.688,0.35,2898634.0,1649322.8,56.900001862946475
G0002,12,GOV02,ECO02,4.511,9.437,0.638,68.1,0.73,0.901,0.675,0.322,2897868.0,1727129.2,59.59999558295961
G0002,13,GOV01,ECO02,4.64,9.476,0.638,68.4,0.75,0.876,0.669,0.334,2898245.0,1808504.9,62.40000069007279
G0002,14,GOV01,ECO02,5.004,9.518,0.684,68.7,0.824,0.899,0.713,0.319,2894229.0,1892825.8,65.40000117475155
G0002,15,GOV01,ECO02,4.995,9.544,0.686,69.0,0.777,0.914,0.681,0.274,2885011.0,1977686.4,68.5503937419996
G0002,16,GOV01,ECO02,5.365,9.497,0.71,69.3,0.754,0.891,0.679,0.265,2871950.0,2074630.0,72.23767823255976
G0003,6,GOV06,ECO02,5.464,9.287,,64.5,0.593,0.618,,,36188237.0,4523529.5,12.499999654583892
G0003,7,GOV06,ECO02,5.317,9.297,0.81,64.66,0.53,0.638,0.55,0.255,36903374.0,5498602.5,14.899999387589872
G0003,8,GOV06,ECO02,5.605,9.311,0.839,64.82,0.587,0.69,0.604,0.23,37646165.0,6851602.5,18.200001248467142
G0003,10,GOV00,ECO02,6.355,9.335,0.818,65.14,,,0.626,0.177,39205035.0,11565485.0,29.499999171024843
G0003,12,GOV00,ECO02,5.341,9.362,0.749,65.5,,,0.661,0.377,40850719.0,17543556.0,42.94552563444477
G0003,13,GOV06,ECO02,5.249,9.354,0.807,65.7,0.437,0.7,0.642,0.289,41689302.0,19882068.0,47.69105512968291
G0003,14,GOV02,ECO02,5.043,9.348,0.799,65.9,0.583,0.759,0.591,0.293,42505033.0,20843816.0,49.03846563299928
G0003,15,GOV06,ECO02,4.745,9.337,0.803,66.1,0.385,0.741,0.585,0.215,43294551.0,25534076.0,58.977574337241656
G0004,7,GOV02,ECO02,5.589,8.946,0.723,52.5,0.584,0.911,0.659,0.361,24218358.0,1138262.8,4.699999892643423
G0004,8,GOV02,ECO02,4.36,8.992,0.753,53.2,0.456,0.906,0.558,0.305,25177398.0,1938659.6,7.69999981729645
G0004,9,GOV02,ECO02,3.937,9.005,0.722,53.9,0.41,0.816,0.658,0.371,26165616.0,3401530.0,12.999999694255239
G0004,10,GOV02,ECO02,3.795,9.017,0.755,54.6,0.375,0.834,0.579,0.368,27160767.0,5812404.0,21.3999994919142
G0005,2,GOV02,ECO01,6.313,9.942,0.938,66.82,0.733,0.852,0.825,0.328,39622113.0,8291799.5,20.927201686593545
G0005,3,GOV02,ECO01,6.073,10.018,0.862,66.94,0.653,0.881,0.828,0.279,40016767.0,10383003.0,25.946631320816095
G0005,4,GOV02,ECO01,5.961,10.048,0.892,67.06,0.678,0.865,0.823,0.318,40424151.0,11364289.0,28.112622575548958
G0005,5,GOV02,ECO01,6.424,9.977,0.919,67.18,0.637,0.885,0.864,0.237,40854832.0,13890643.0,34.000000293722906
G0005,6,GOV02,ECO01,6.441,10.066,0.927,67.3,0.73,0.855,0.846,0.211,41288694.0,18579912.0,44.99999927340884
G0005,7,GOV01,ECO01,6.776,10.112,0.889,67.48,0.816,0.755,0.84,0.232,41730655.0,21282634.0,50.999999880184006
G0005,8,GOV02,ECO01,6.468,10.091,0.902,67.66,0.747,0.817,0.857,0.272,42161718.0,23526238.0,55.79999847254801
G0005,9,GOV02,ECO01,6.582,10.103,0.91,67.84,0.737,0.823,0.842,0.254,42582453.0,25506890.0,59.9000015334955
G0005,10,GOV02,ECO01,6.671,10.067,0.918,68.02,0.745,0.854,0.857,0.238,43024071.0,27836572.0,64.69999549786908
G0005,11,GOV01,ECO01,6.697,10.083,0.926,68.2,0.881,0.851,0.859,0.305,43477011.0,29583088.0,68.0430584338008
G0005,12,GOV01,ECO01,6.427,10.051,0.883,68.4,0.848,0.851,0.842,0.312,43900312.0,31155604.0,70.9689808127104
G0005,13,GOV01,ECO01,6.039,10.067,0.907,68.6,0.832,0.841,0.809,0.292,44288898.0,32904396.0,74.29490794735963
G0005,14,GOV01,ECO01,5.793,10.032,0.9,68.8,0.846,0.855,0.82,0.321,44654876.0,34696836.0,77.69999406111889
G0005,15,GOV01,ECO01,6.086,10.0,0.896,69.0,0.817,0.83,0.826,0.319,44973469.0,35954920.0,79.94695717157153
G0005,16,GOV01,ECO01,5.901,9.85,0.897,69.2,0.823,0.816,0.764,0.342,45191960.0,38645628.0,85.51438795750394
G0006,2,GOV02,ECO02,4.289,9.044,0.682,64.8,0.52,0.85,0.494,0.469,2990371.0,168411.34,5.631787493926339
G0006,3,GOV02,ECO02,4.882,9.181,0.76,64.9,0.605,0.817,0.507,0.412,2974825.0,179121.75,6.021253351037456
G0006,4,GOV02,ECO02,4.652,9.256,0.709,65.0,0.462,0.876,0.521,0.385,2959996.0,183815.75,6.209999945945873
G0006,5,GOV02,ECO02,4.178,9.111,0.68,65.1,0.441,0.882,0.543,0.411,2945518.0,450664.25,15.299999864200457
G0006,6,GOV02,ECO02,4.368,9.136,0.66,65.2,0.459,0.891,0.51,0.426,2931083.0,732770.75,25.0
G0006,7,GOV02,ECO02,4.26,9.182,0.705,65.36,0.465,0.875,0.475,0.459,2923269.0,935446.06,31.99999931583443
G0006,8,GOV02,ECO02,4.32,9.249,0.676,65.52,0.502,0.893,0.518,0.464,2922529.0,1095948.4,37.5000008554235
G0006,9,GOV02,ECO02,4.277,9.277,0.723,65.68,0.504,0.9,0.562,0.45,2922526.0,1224538.5,41.900003626999386
G0006,10,GOV02,ECO02,4.453,9.307,0.739,65.84,0.506,0.92,0.581,0.404,2922433.0,1596314.9,54.62280572386091
G0006,11,GOV02,ECO02,4.348,9.334,0.723,66.0,0.551,0.901,0.594,0.438,2921179.0,1726441.1,59.100832232465045
G0006,12,GOV02,ECO02,4.325,9.333,0.709,66.3,0.611,0.921,0.594,0.437,2918796.0,1878129.4,64.34603171992835
G0006,13,GOV02,ECO02,4.288,9.402,0.698,66.6,0.614,0.865,0.625,0.437,2914966.0,1887291.2,64.74487867096906
G0006,14,GOV05,ECO02,5.062,9.451,0.814,66.9,0.808,0.677,0.581,0.455,2909971.0,1985911.1,68.24504780288188
G0006,15,GOV05,ECO02,5.488,9.522,0.782,67.2,0.844,0.583,0.598,0.43,2903975.0,1932419.8,66.543954407321
G0007,1,GOV03,ECO01,7.341,10.659,0.968,71.4,0.935,0.39,0.843,0.238,20294490.0,12785529.0,63.00000147823375
G0007,3,GOV05,ECO01,7.285,10.703,0.965,71.72,0.891,0.513,0.826,0.215,20954545.0,14552931.0,69.44999760195222
G0007,4,GOV03,ECO01,7.254,10.719,0.947,71.88,0.916,0.431,0.826,0.218,21370595.0,15316305.0,71.66999795747381
G0007,6,GOV03,ECO01,7.45,10.722,0.955,72.2,0.932,0.366,0.834,0.22,22141583.0,16827604.0,76.0000041550778
G0007,7,GOV03,ECO01,7.406,10.733,0.967,72.3,0.945,0.382,0.816,0.195,22479779.0,17868660.0,79.4877031486831
G0007,8,GOV03,ECO01,7.196,10.754,0.945,72.4,0.935,0.368,0.811,0.214,22852648.0,18053592.0,79.00000035006885
G0007,9,GOV03,ECO01,7.364,10.762,0.928,72.5,0.933,0.432,0.819,0.177,23236271.0,19391482.0,83.45350250046576
G0007,10,GOV03,ECO01,7.289,10.772,0.924,72.6,0.923,0.442,0.775,0.245,23595599.0,19820304.0,84.00000355998591
G0007,11,GOV03,ECO01,7.309,10.779,0.952,72.7,0.922,0.357,0.79,0.21,23947997.0,20250550.0,84.56051668955863
G0007,12,GOV03,ECO01,7.25,10.791,0.942,73.0,0.922,0.399,0.791,0.236,24329963.0,21055150.0,86.54000008138114
G0007,13,GOV03,ECO01,7.257,10.798,0.95,73.3,0.911,0.411,0.78,0.225,24731044.0,21403494.0,86.54504840151512
G0007,14,GOV03,ECO01,7.177,10.811,0.94,73.6,0.916,0.405,0.759,0.187,25119700.0,22607730.0,90.0
G0007,15,GOV03,ECO01,7.234,10.815,0.943,73.9,0.918,0.43,0.77,0.202,25482714.0,23854348.0,93.60991925742289
G0007,16,GOV03,ECO01,7.137,10.76,0.937,74.2,0.905,0.491,0.769,0.205,25743787.0,24815588.0,96.39447374234412
G0008,2,GOV03,ECO01,7.122,10.842,0.936,70.76,0.941,0.49,0.823,0.174,8269901.0,5259657.0,63.59999956468644
G0008,4,GOV05,ECO01,7.181,10.887,0.935,71.08,0.879,0.614,0.832,0.173,8323250.0,6065152.5,72.87000270327096
G0008,6,GOV05,ECO01,7.303,10.861,0.914,71.4,0.896,0.546,0.815,0.156,8365087.0,6288035.5,75.16999524332502
G0008,7,GOV05,ECO01,7.471,10.887,0.944,71.54,0.939,0.703,0.789,0.145,8393272.0,6608861.5,78.73998960119486
G0008,8,GOV01,ECO01,7.401,10.889,0.945,71.68,0.92,0.771,0.822,0.157,8431599.0,6747808.0,80.02999193865837
G0008,9,GOV05,ECO01,7.499,10.883,0.95,71.82,0.922,0.679,0.787,0.163,8481411.0,6837611.5,80.6187968016171
G0008,10,GOV05,ECO01,6.95,10.882,0.899,71.96,0.885,0.567,0.78,0.17,8547812.0,6923371.0,80.99582676830047
G0008,11,GOV05,ECO01,7.076,10.881,0.928,72.1,0.9,0.557,0.798,0.164,8644037.0,7255816.5,83.94013699848809
G0008,12,GOV05,ECO01,7.048,10.891,0.926,72.4,0.889,0.524,0.756,0.197,8737920.0,7368141.5,84.3237463835787
G0008,13,GOV05,ECO01,7.294,10.908,0.906,72.7,0.89,0.518,0.748,0.18,8798779.0,7737258.0,87.93558742639178
G0008,14,GOV05,ECO01,7.396,10.928,0.912,73.0,0.904,0.523,0.752,0.226,8841653.0,7734601.5,87.47913427500491
G0008,15,GOV03,ECO01,7.195,10.939,0.964,73.3,0.903,0.457,0.774,0.205,8880876.0,7793164.5,87.75220485006209
G0008,16,GOV03,ECO01,7.213,10.851,0.925,73.6,0.912,0.464,0.769,0.206,8921402.0,7808852.0,87.52942642871602
G0009,2,GOV01,ECO02,4.728,9.17,0.854,61.88,0.772,0.774,0.512,0.276,8711380.0,1044684.1,11.992176899641619
G0009,3,GOV02,ECO02,4.568,9.386,0.753,62.26,0.522,0.871,0.521,0.284,8828313.0,1283636.8,14.54000101718188
G0009,4,GOV06,ECO02,4.817,9.465,0.684,62.64,0.601,0.715,0.578,0.227,8942637.0,1527402.4,17.080000004472954
G0009,5,GOV02,ECO02,4.574,9.534,0.736,63.02,0.498,0.754,0.544,0.234,9046336.0,2478696.0,27.399999292531252
G0009,6,GOV02,ECO02,4.219,9.569,0.687,63.4,0.501,0.858,0.527,0.272,9146852.0,4207552.0,46.00000087461785
G0009,7,GOV02,ECO02,4.68,9.54,0.725,63.64,0.537,0.795,0.536,0.258,9256156.0,4628078.0,50.0
G0009,8,GOV02,ECO02,4.911,9.549,0.762,63.88,0.599,0.763,0.554,0.266,9376179.0,5081889.0,54.199999808024145
G0009,9,GOV06,ECO02,5.481,9.592,0.77,64.12,0.672,0.699,0.619,0.242,9504417.0,6938224.5,73.00000094692815
G0009,10,GOV06,ECO02,5.252,9.607,0.799,64.36,0.733,0.654,0.598,0.22,9631136.0,7223353.5,75.00001557448675
G0009,11,GOV05,ECO02,5.147,9.606,0.786,64.6,0.764,0.616,0.607,0.206,9752859.0,7509701.5,77.00000071773826
G0009,12,GOV06,ECO02,5.304,9.564,0.777,64.9,0.713,0.607,0.598,0.191,9868434.0,7717115.0,78.19999606827183
G0009,13,GOV06,ECO02,5.152,9.555,0.787,65.2,0.731,0.653,0.592,0.198,9968510.0,7875123.0,79.00000100315894
G0009,14,GOV05,ECO02,5.168,9.562,0.781,65.5,0.772,0.561,0.593,0.191,10039782.0,8011745.5,79.79999466123866
G0009,15,GOV03,ECO02,5.173,9.575,0.887,65.8,0.854,0.457,0.643,0.164,10110483.0,8199601.5,81.09999789327573
G0010,5,GOV05,ECO01,5.701,10.709,0.904,65.94,0.896,0.506,0.764,0.422,1183616.0,627316.5,53.00000168973721
G0010,6,GOV05,ECO01,5.937,10.706,0.877,66.3,0.862,0.715,0.685,0.423,1213248.0,667286.4,55.0
G0010,7,GOV05,ECO01,4.824,10.696,0.908,66.58,0.87,0.583,0.544,0.514,1206733.0,929184.06,76.99997099606955
G0010,8,GOV04,ECO01,5.027,10.716,0.911,66.86,0.682,0.438,0.589,0.381,1216307.0,1070350.1,87.9999950670349
G0010,9,GOV05,ECO01,6.69,10.757,0.884,67.14,0.809,0.525,0.768,0.306,1257206.0,1131485.9,90.00003977072969
G0010,10,GOV00,ECO01,6.165,10.783,,67.42,,,,,1312857.0,1188176.8,90.50313933657664
G0010,11,GOV00,ECO01,6.007,10.785,0.853,67.7,0.85,,0.716,0.303,1369656.0,1280331.1,93.47829674020339
G0010,12,GOV00,ECO01,6.17,10.781,0.863,68.1,0.889,,0.787,0.283,1429609.0,1401016.5,97.99997761625731
G0010,13,GOV00,ECO01,6.227,10.771,0.876,68.5,0.906,,0.814,0.29,1482003.0,1420916.9,95.87813924803122
G0010,15,GOV00,ECO01,7.098,10.715,0.878,69.3,0.907,,0.762,0.317,1485675.0,1481240.4,99.70150941491241
G0010,16,GOV00,ECO01,6.173,10.62,0.848,69.7,0.945,,0.79,0.297,1483081.0,1478202.1,99.67102943129876
G0011,2,GOV02,ECO02,4.319,7.783,0.672,59.02,0.612,0.786,0.6,0.321,146405983.0,1464059.9,1.0000000478122537
G0011,3,GOV02,ECO02,4.607,7.839,0.514,59.44,0.605,0.806,0.635,0.313,147989282.0,2663807.0,1.7999999486449296
G0011,4,GOV02,ECO02,5.052,7.886,0.467,59.86,0.606,0.802,0.725,0.232,149474264.0,3736856.5,2.499999933098851
G0011,5,GOV02,ECO02,5.083,7.924,0.528,60.28,0.631,0.776,0.67,0.223,150873716.0,4677085.0,3.0999998700900293
G0011,6,GOV02,ECO02,4.858,7.967,0.549,60.7,0.659,0.774,0.629,0.292,152201978.0,5631473.5,3.700000206304809
G0011,7,GOV01,ECO02,4.986,8.018,0.606,61.12,0.838,0.757,0.685,0.235,153591074.0,6911598.5,4.500000110683516
G0011,8,GOV02,ECO02,4.724,8.07,0.582,61.54,0.668,0.765,0.714,0.183,155070110.0,7753505.5,5.0
G0011,9,GOV06,ECO02,4.66,8.116,0.53,61.96,0.742,0.743,0.619,0.246,156532134.0,10378081.0,6.630000329517005
G0011,10,GOV02,ECO02,4.636,8.164,0.577,62.38,0.736,0.789,,0.231,157964931.0,18797826.0,11.89999950052205
G0011,11,GOV05,ECO02,4.633,8.216,0.601,62.8,0.815,0.721,0.635,0.226,159383179.0,20560430.0,12.899999942904891
G0011,12,GOV05,ECO02,4.556,8.274,0.649,63.3,0.875,0.688,0.56,0.235,160811934.0,29106960.0,18.099999966420402
G0011,13,GOV05,ECO02,4.31,8.334,0.713,63.8,0.896,0.635,0.569,0.214,162186146.0,32112856.0,19.79999944014947
G0011,14,GOV05,ECO02,4.499,8.399,0.706,64.3,0.901,0.701,0.541,0.361,163523109.0,38329816.0,23.439999541593842
G0011,15,GOV05,ECO02,5.114,8.467,0.673,64.8,0.902,0.656,0.537,0.369,164913060.0,45779864.0,27.759999117110556
G0011,16,GOV05,ECO02,5.28,8.472,0.739,65.3,0.777,0.742,0.582,0.332,166298024.0,54662160.0,32.86999970606987
G0012,2,GOV06,ECO02,5.658,9.489,0.918,61.1,0.707,0.708,0.605,0.269,9608041.0,1556502.8,16.20000164445593
G0012,3,GOV06,ECO02,5.617,9.576,0.858,61.4,0.667,0.695,0.596,0.235,9563135.0,1883937.6,19.70000005228411
G0012,4,GOV06,ECO02,5.463,9.677,0.904,61.7,0.64,0.696,,0.246,9529357.0,2191752.0,22.99999884567238
G0012,5,GOV06,ECO02,5.564,9.681,0.908,62.0,0.679,0.676,0.566,0.223,9507334.0,2607861.8,27.4300008814248
G0012,6,GOV06,ECO01,5.526,9.758,0.918,62.3,0.7,0.706,0.567,0.208,9490752.0,3018059.0,31.79999856702609
G0012,7,GOV06,ECO01,5.225,9.812,0.91,62.88,0.656,0.672,0.521,0.249,9472738.0,3755836.0,39.648895599139344
G0012,8,GOV06,ECO01,5.749,9.83,0.902,63.46,0.645,0.657,0.523,0.181,9463075.0,4439128.5,46.910000184929316
G0012,9,GOV06,ECO01,5.876,9.839,0.923,64.04,0.723,0.653,0.609,0.206,9464454.0,5126894.5,54.169997550836
G0012,10,GOV06,ECO01,5.812,9.856,0.88,64.62,0.647,0.682,0.619,0.209,9472704.0,5590790.0,59.020001047219466
G0012,11,GOV06,ECO01,5.719,9.815,0.924,65.2,0.623,0.669,0.584,0.184,9487289.0,5903974.5,62.230364227336175
G0012,12,GOV06,ECO01,5.178,9.788,0.927,65.5,0.658,0.664,0.554,0.182,9499066.0,6755075.0,71.11304416665807
G0012,13,GOV06,ECO01,5.553,9.814,0.9,65.8,0.621,0.654,0.541,0.233,9495793.0,7068331.0,74.43644780378006
G0012,14,GOV06,ECO01,5.234,9.846,0.905,66.1,0.644,0.718,0.45,0.236,9480031.0,7501538.0,79.1298889212493
G0012,15,GOV06,ECO01,5.821,9.86,0.917,66.4,0.657,0.546,0.591,0.19,9435415.0,7811500.5,82.7891565977755
G0013,1,GOV05,ECO01,7.262,10.745,0.935,69.9,0.924,0.598,0.796,0.26,10478883.0,5849312.5,55.820000089704216
G0013,3,GOV05,ECO01,7.219,10.792,0.922,70.26,0.901,0.721,0.813,0.218,10625488.0,7093620.5,66.76042079196739
G0013,4,GOV05,ECO01,7.117,10.789,0.923,70.44,0.887,0.652,0.813,0.242,10709711.0,7374420.5,68.85732490820715
G0013,6,GOV05,ECO01,6.854,10.779,0.931,70.8,0.807,0.697,0.828,0.24,10936619.0,8491168.0,77.63978977415232
G0013,7,GOV05,ECO01,7.111,10.783,0.937,70.92,0.88,0.711,0.835,0.225,11038624.0,9008620.0,81.60999052055763
G0013,8,GOV01,ECO01,6.935,10.784,0.927,71.04,0.855,0.758,0.82,0.238,11107522.0,8965991.0,80.71999317219448
G0013,9,GOV05,ECO01,7.104,10.784,0.909,71.16,0.891,0.574,0.797,0.217,11160277.0,9170422.0,82.17020061419622
G0013,10,GOV05,ECO01,6.855,10.795,0.944,71.28,0.861,0.512,0.798,0.252,11210113.0,9528596.0,84.99999955397416
G0013,11,GOV03,ECO01,6.904,10.81,0.885,71.4,0.869,0.469,0.805,0.24,11275332.0,9590001.0,85.05293680044188
G0013,12,GOV03,ECO01,6.949,10.819,0.929,71.6,0.866,0.497,0.765,0.26,11332707.0,9804659.0,86.51647836655444
G0013,13,GOV05,ECO01,6.928,10.834,0.922,71.8,0.857,0.543,0.786,0.234,11376583.0,9974952.0,87.6796837855444
G0013,14,GOV05,ECO01,6.892,10.844,0.93,72.0,0.808,0.63,0.75,0.25,11428608.0,10131158.0,88.64734882848374
G0013,15,GOV05,ECO01,6.772,10.853,0.884,72.2,0.776,0.672,0.733,0.244,11490623.0,10373209.0,90.27542718963106
G0013,16,GOV05,ECO01,6.839,10.771,0.904,72.4,0.767,0.634,0.647,0.26,11540102.0,10562241.0,91.52640938528967
G0014,3,GOV02,ECO02,6.451,8.892,0.872,61.6,0.705,0.769,0.759,0.251,296117.0,72844.78,24.599999324591295
G0014,10,GOV01,ECO02,5.956,8.883,0.757,62.22,0.874,0.782,0.755,0.282,348934.0,135037.45,38.69999770730282
G0015,2,GOV02,ECO02,3.33,7.866,0.445,50.1,0.58,0.79,0.587,0.309,8693243.0,133689.4,1.5378541701871211
G0015,4,GOV02,ECO02,3.667,7.915,0.382,50.9,0.709,0.825,0.584,0.303,9228468.0,170726.66,1.8500000216720696
G0015,7,GOV01,ECO02,3.87,7.904,0.477,51.98,0.773,0.849,0.626,0.219,10093626.0,418716.22,4.148323110049847
G0015,8,GOV01,ECO02,3.193,7.923,0.523,52.26,0.769,0.806,0.583,0.231,10397659.0,467894.66,4.500000048087747
G0015,9,GOV01,ECO02,3.479,7.964,0.577,52.54,0.783,0.856,0.702,0.216,10708831.0,524732.75,4.90000028948071
G0015,10,GOV01,ECO02,3.347,7.998,0.506,52.82,0.776,0.855,0.59,0.273,11030008.0,661800.5,6.000000181323531
G0015,11,GOV02,ECO02,3.625,7.988,0.434,53.1,0.733,0.85,0.592,0.373,11360681.0,1278643.2,11.254987267048516
G0015,12,GOV01,ECO02,4.007,7.993,0.493,53.5,0.78,0.838,0.608,0.456,11697845.0,1696187.5,14.499999786285423
G0015,13,GOV02,ECO02,4.853,8.021,0.436,53.9,0.727,0.767,0.615,0.458,12039777.0,2251438.5,18.700001669466136
G0015,14,GOV06,ECO02,5.82,8.059,0.504,54.3,0.713,0.747,0.647,0.468,12383349.0,2352836.2,18.999999111710412
G0015,15,GOV05,ECO02,4.976,8.098,0.442,54.7,0.77,0.698,0.659,0.441,12726760.0,2852822.8,22.415939327841492
G0015,16,GOV05,ECO02,4.408,8.102,0.507,55.1,0.783,0.532,0.609,0.305,13070169.0,3689598.2,28.229154496778122
G0016,9,GOV01,ECO02,5.569,9.123,0.819,59.6,0.81,0.802,0.779,0.217,725282.0,162463.17,22.400000275754813
G0016,10,GOV05,ECO02,4.939,9.167,0.88,59.9,0.834,0.65,0.859,0.324,733151.0,222144.75,30.29999959080735
G0016,11,GOV05,ECO02,5.082,9.219,0.848,60.2,0.83,0.634,0.81,0.312,740623.0,294767.94,39.79999810969954
G0017,2,GOV01,ECO02,5.374,8.686,0.834,59.0,0.77,0.794,0.739,0.432,9521685.0,590408.4,6.200671414775851
G0017,3,GOV01,ECO02,5.628,8.714,0.796,59.5,0.78,0.817,0.771,0.388,9685960.0,1016952.6,10.499244266959598
G0017,4,GOV02,ECO02,5.298,8.756,0.785,60.0,0.726,0.801,0.781,0.392,9850859.0,1231357.4,12.500000253784973
G0017,5,GOV01,ECO02,6.086,8.773,0.831,60.5,0.779,0.763,0.797,0.372,10016279.0,1682734.8,16.799999281170184
G0017,6,GOV02,ECO02,5.781,8.797,0.807,61.0,0.703,0.781,0.766,0.35,10182345.0,2280845.2,22.399999214326368
G0017,7,GOV01,ECO02,5.779,8.831,0.817,61.34,0.782,0.825,0.761,0.361,10348931.0,3104679.2,29.999999033716623
G0017,8,GOV01,ECO02,6.019,8.865,0.781,61.68,0.862,0.84,0.782,0.409,10515814.0,3716288.8,35.34000125905612
G0017,9,GOV01,ECO02,5.767,8.915,0.803,62.02,0.846,0.812,0.759,0.41,10682612.0,3951498.2,36.99000019845334
G0017,10,GOV01,ECO02,5.865,8.953,0.821,62.36,0.881,0.832,0.809,0.398,10848889.0,3753715.5,34.59999913355183
G0017,11,GOV01,ECO02,5.834,8.985,0.829,62.7,0.884,0.862,0.786,0.393,11014707.0,4129413.8,37.490001322776905
G0017,12,GOV01,ECO02,5.77,9.012,0.796,63.0,0.882,0.853,0.783,0.376,11180020.0,4438190.0,39.697513957935676
G0017,13,GOV01,ECO02,5.651,9.039,0.779,63.3,0.884,0.819,0.698,0.434,11344591.0,4972592.5,43.832276544830926
G0017,14,GOV01,ECO02,5.916,9.066,0.827,63.6,0.863,0.786,0.742,0.387,11508370.0,5096613.0,44.2861413041117
G0017,15,GOV01,ECO02,5.674,9.074,0.784,63.9,0.881,0.857,0.751,0.419,11671386.0,5540969.5,47.47482004279526
G0017,16,GOV01,ECO02,5.559,8.998,0.805,64.2,0.877,0.868,0.79,0.382,11816301.0,7082703.0,59.94010308302065
G0018,3,GOV02,ECO02,4.9,9.267,0.766,66.04,0.342,0.926,0.613,0.296,4013420.0,1120546.9,27.920000896990594
G0018,5,GOV02,ECO02,4.963,9.296,0.735,66.48,0.258,0.959,0.572,0.39,3879798.0,1464235.9,37.740003474407686
G0018,6,GOV02,ECO02,4.669,9.312,0.773,66.7,0.365,0.933,0.517,0.409,3811480.0,1629407.8,42.750002623652755
G0018,7,GOV02,ECO02,4.995,9.333,0.725,66.74,0.333,0.925,0.596,0.326,3741799.0,1642189.0,43.88768611034425
G0018,8,GOV02,ECO02,4.773,9.342,0.779,66.78,0.42,0.953,0.548,0.338,3670109.0,1653916.2,45.06449808438932
G0018,9,GOV02,ECO02,5.124,9.382,0.767,66.82,0.39,0.97,0.544,0.315,3610857.0,1752035.2,48.52131225357304
G0018,10,GOV02,ECO02,5.249,9.411,0.788,66.86,0.412,0.976,0.531,0.262,3564831.0,1779482.8,49.91773242546421
G0018,11,GOV02,ECO02,5.117,9.457,0.656,66.9,0.631,0.96,0.534,0.286,3518541.0,1850752.5,52.59999812422251
G0018,12,GOV02,ECO02,5.181,9.5,0.808,67.2,0.633,0.957,0.641,0.304,3472997.0,2092707.6,60.25653347814582
G0018,13,GOV02,ECO02,5.09,9.532,0.775,67.5,0.564,0.923,0.597,0.271,3428684.0,2224942.2,64.89201687877916
G0018,14,GOV02,ECO02,5.887,9.576,0.836,67.8,0.659,0.913,0.643,0.277,3386999.0,2374968.2,70.12013289640771
G0018,15,GOV02,ECO02,6.016,9.609,0.873,68.1,0.722,0.963,0.633,0.238,3345532.0,2340077.5,69.9463493399555
G0018,16,GOV02,ECO02,5.516,9.583,0.899,68.4,0.74,0.916,0.644,0.325,3299352.0,2415513.5,73.21175491429833
G0019,2,GOV05,ECO02,4.739,9.492,0.883,46.82,0.824,0.723,0.688,0.226,1874526.0,80415.914,4.289933241790192
G0019,4,GOV01,ECO02,5.451,9.59,0.832,49.86,0.858,0.806,0.731,0.218,1949973.0,121873.31,6.249999871793096
G0019,6,GOV01,ECO02,3.553,9.556,0.866,52.9,0.826,0.814,0.69,0.172,2033110.0,121986.6,6.0
G0019,7,GOV01,ECO02,3.52,9.6,0.86,53.68,0.813,0.816,0.739,0.16,2073538.0,186618.42,9.0
G0019,8,GOV01,ECO02,4.836,9.632,0.837,54.46,0.799,0.814,0.773,0.171,2108617.0,337378.72,16.0
G0019,9,GOV05,ECO01,4.128,9.728,0.856,55.24,0.767,0.749,0.698,0.244,2140687.0,642206.1,30.0
G0019,10,GOV05,ECO01,4.031,9.756,0.859,56.02,0.791,0.743,0.674,0.245,2172053.0,798115.4,36.74474794123348
G0019,11,GOV01,ECO01,3.762,9.724,0.816,56.8,0.857,0.86,0.746,0.261,2203276.0,822087.44,37.31204987482276
G0019,12,GOV05,ECO01,3.499,9.748,0.768,57.5,0.852,0.729,0.686,0.252,2234784.0,879678.0,39.362998840156365
G0019,13,GOV05,ECO01,3.505,9.756,0.768,58.2,0.817,0.731,0.656,0.276,2266749.0,938746.8,41.41379570477366
G0019,14,GOV01,ECO01,3.461,9.778,0.795,58.9,0.818,0.807,0.73,0.267,2299149.0,1333506.4,57.99999913011292
G0019,15,GOV01,ECO01,3.471,9.785,0.774,59.6,0.833,0.792,0.712,0.273,2332082.0,1511803.0,64.82632257356302
G0020,1,GOV05,ECO02,6.637,9.438,0.883,63.3,0.882,0.745,0.818,0.302,184688101.0,38826510.0,21.022745802123982
G0020,3,GOV05,ECO02,6.321,9.515,0.886,63.78,0.777,0.728,0.859,0.299,188552311.0,58224950.0,30.879998071198397
G0020,4,GOV05,ECO02,6.691,9.555,0.878,64.02,0.782,0.688,0.82,0.265,190367297.0,64401260.0,33.83000179910103
G0020,5,GOV05,ECO02,7.001,9.544,0.913,64.26,0.767,0.723,0.833,0.274,192079958.0,75333760.0,39.22000024593925
G0020,6,GOV05,ECO02,6.837,9.607,0.906,64.5,0.806,0.656,0.817,0.25,193701931.0,78739840.0,40.650002606324044
G0020,7,GOV05,ECO02,7.038,9.637,0.916,64.76,0.834,0.662,0.807,0.268,195284736.0,89225590.0,45.6899969898313
G0020,8,GOV05,ECO02,6.66,9.647,0.89,65.02,0.849,0.623,0.755,0.35,196876113.0,95603040.0,48.55999975984898
G0020,9,GOV05,ECO02,7.14,9.668,0.91,65.28,0.785,0.707,0.818,0.276,198478290.0,101303320.0,51.04000039500542
G0020,10,GOV06,ECO02,6.981,9.664,0.898,65.54,0.714,0.71,0.788,0.274,200085126.0,109148440.0,54.551001457249754
G0020,11,GOV01,ECO02,6.547,9.62,0.907,65.8,0.799,0.771,0.755,0.325,201675534.0,117633210.0,58.327952660831926
G0020,12,GOV01,ECO02,6.375,9.578,0.912,66.0,0.807,0.781,0.763,0.302,203218108.0,123704024.0,60.87253996085821
G0020,13,GOV01,ECO02,6.333,9.583,0.905,66.2,0.765,0.794,0.716,0.308,204703440.0,138116030.0,67.4712794274488
G0020,14,GOV01,ECO02,6.191,9.589,0.882,66.4,0.751,0.763,0.75,0.35,206107265.0,145170180.0,70.43428575892267
G0020,15,GOV01,ECO02,6.451,9.592,0.899,66.6,0.83,0.762,0.761,0.337,207455459.0,153335400.0,73.91244402009204
G0020,16,GOV05,ECO02,6.11,9.522,0.831,66.8,0.786,0.729,0.692,0.389,208660845.0,169730350.0,81.34269273183476
G0021,3,GOV02,ECO01,3.844,9.715,0.832,65.1,0.566,0.976,0.594,0.226,7586896.0,2552231.8,33.63999981019906
G0021,6,GOV02,ECO01,3.912,9.765,0.843,65.7,0.545,0.941,0.546,0.238,7437594.0,3438399.8,46.23000126116053
G0021,7,GOV02,ECO01,3.875,9.795,0.86,65.8,0.664,0.948,0.534,0.271,7380023.0,3540934.5,47.979992745280065
G0021,8,GOV02,ECO01,4.222,9.804,0.838,65.9,0.641,0.938,0.573,0.237,7317020.0,3797532.5,51.89998797324594
G0021,9,GOV02,ECO01,3.993,9.813,0.829,66.0,0.603,0.962,0.623,0.278,7264605.0,3854708.5,53.06150162328165
G0021,10,GOV02,ECO01,4.438,9.838,0.886,66.1,0.576,0.955,0.628,0.236,7223450.0,4008292.5,55.49000131516104
G0021,11,GOV02,ECO01,4.865,9.883,0.908,66.2,0.637,0.941,0.643,0.214,7177515.0,4066510.8,56.656249412226934
G0021,12,GOV02,ECO01,4.838,9.928,0.926,66.4,0.7,0.936,0.622,0.172,7127436.0,4264027.5,59.82554596070733
G0021,13,GOV02,ECO01,5.097,9.969,0.942,66.6,0.689,0.911,0.614,0.189,7075642.0,4486672.0,63.410104694386746
G0021,14,GOV02,ECO01,5.099,10.007,0.924,66.8,0.724,0.952,0.639,0.189,7024745.0,4550771.0,64.78200988078571
G0021,15,GOV01,ECO01,5.108,10.047,0.948,67.0,0.822,0.943,0.663,0.2,6975466.0,4739618.5,67.94698017308092
G0021,16,GOV01,ECO01,5.598,9.991,0.916,67.2,0.818,0.901,0.706,0.221,6933656.0,4864825.0,70.16247993843363
G0022,2,GOV02,ECO02,3.801,7.367,0.796,46.66,0.588,0.798,0.716,0.266,14373713.0,90943.56,0.6327074987513664
G0022,3,GOV02,ECO02,4.017,7.377,0.771,47.42,0.582,0.833,0.651,0.281,14816313.0,111122.34,0.749999949380119
G0022,4,GOV02,ECO02,3.846,7.403,0.727,48.18,0.612,0.887,0.523,0.304,15258103.0,140374.55,0.9200000157293471
G0022,6,GOV02,ECO02,4.036,7.453,0.773,49.7,0.587,0.767,0.59,0.217,16176503.0,388236.1,2.4000001730905622
G0022,7,GOV06,ECO02,4.785,7.487,0.71,50.24,0.725,0.707,0.579,0.205,16661907.0,499857.22,3.0000000600171397
G0022,8,GOV06,ECO02,3.955,7.52,0.744,50.78,0.622,0.726,0.545,0.3,17172284.0,639673.56,3.7250348293797146
G0022,9,GOV02,ECO02,3.326,7.546,0.745,51.32,0.741,0.765,0.63,0.287,17695411.0,884770.56,5.000000056511826
G0022,10,GOV02,ECO02,3.481,7.559,0.742,51.86,0.71,0.801,0.614,0.256,18229466.0,1093768.0,6.000000219424968
G0022,11,GOV06,ECO02,4.419,7.568,0.705,52.4,0.659,0.693,0.579,0.359,18777488.0,1229925.5,6.550000191718935
G0022,12,GOV06,ECO02,4.206,7.596,0.764,52.9,0.645,0.721,0.616,0.337,19334854.0,1380508.5,7.139999608996272
G0022,13,GOV06,ECO02,4.647,7.627,0.785,53.4,0.614,0.727,0.585,0.354,19894413.0,1549774.8,7.790000137224456
G0022,14,GOV02,ECO02,4.927,7.665,0.665,53.9,0.721,0.757,0.711,0.343,20438289.0,1737254.6,8.500000171247212
G0022,15,GOV06,ECO02,4.741,7.691,0.683,54.4,0.678,0.729,0.691,0.365,20961956.0,1943551.9,9.271806028025248
G0023,4,GOV02,ECO02,3.563,6.719,0.291,49.02,0.26,0.86,0.44,0.253,8505643.0,68895.71,0.8100000199867313
G0023,5,GOV06,ECO02,3.792,6.723,0.326,49.66,0.427,0.718,0.641,0.164,8947653.0,80528.875,0.8999999776477697
G0023,7,GOV06,ECO02,3.706,6.748,0.422,50.68,0.49,0.677,0.689,0.19,9717980.0,107869.58,1.1100000205804086
G0023,10,GOV02,ECO02,2.905,6.787,0.565,51.82,0.431,0.808,0.656,0.251,10799789.0,151197.05,1.4000000370377605
G0023,14,GOV06,ECO02,3.775,6.635,0.485,53.4,0.646,0.599,0.666,0.363,11859444.0,320205.0,2.700000101185182
G0024,2,GOV00,ECO02,3.569,7.746,0.793,55.3,,0.829,0.719,0.341,13639032.0,63879.324,0.4683567279554737
G0024,3,GOV01,ECO02,4.156,7.829,0.675,56.1,0.819,0.879,,0.32,13841773.0,67824.69,0.49000001661636844
G0024,4,GOV01,ECO02,4.462,7.879,0.619,56.9,0.914,0.888,0.739,0.335,14053479.0,71672.74,0.5099999793645403
G0024,5,GOV01,ECO02,4.111,7.865,0.818,57.7,0.937,0.965,0.796,0.188,14276819.0,75667.13,0.5299999250533329
G0024,6,GOV01,ECO02,4.141,7.907,0.697,58.5,0.94,0.896,0.774,0.422,14500730.0,182709.2,1.260000013792409
G0024,7,GOV01,ECO02,4.161,7.96,0.716,58.88,0.927,0.775,0.799,0.308,14722587.0,456400.2,3.1000000203768536
G0024,8,GOV01,ECO02,3.899,8.014,0.606,59.26,0.956,0.89,0.82,0.352,14945090.0,738287.44,4.9399999598530355
G0024,9,GOV01,ECO02,3.674,8.068,0.651,59.64,0.941,0.812,0.792,0.44,15170210.0,910212.6,6.0
G0024,10,GOV01,ECO02,3.883,8.121,0.693,60.02,0.938,0.843,0.783,0.482,15396771.0,2155548.0,14.000000389692099
G0024,11,GOV01,ECO02,4.162,8.173,0.729,60.4,0.956,0.825,0.813,0.399,15623253.0,2812185.5,17.999999743971372
G0024,12,GOV01,ECO02,4.461,8.225,0.746,60.8,0.958,0.84,0.839,0.398,15852802.0,5136062.5,32.398452336691015
G0024,13,GOV01,ECO02,4.586,8.276,0.765,61.2,0.964,0.821,0.799,0.408,16073374.0,5288185.0,32.90027967992283
G0024,14,GOV00,ECO02,5.122,8.333,0.795,61.6,0.958,,0.845,0.414,16274522.0,,
G0024,15,GOV01,ECO02,4.998,8.387,0.759,62.0,0.957,0.828,0.844,0.39,16481305.0,8620691.0,52.305876264045835
G0024,16,GOV01,ECO02,4.377,8.362,0.724,62.4,0.963,0.863,0.878,0.39,16725484.0,8973351.0,53.6507702856312
G0025,2,GOV02,ECO02,3.851,8.007,0.69,45.98,0.653,0.907,0.606,0.271,17550403.0,356052.88,2.0287447530407134
G0025,3,GOV02,ECO02,4.35,8.028,0.717,46.56,0.644,0.91,0.635,0.249,18049897.0,528862.0,2.930000099169541
G0025,4,GOV02,ECO02,4.292,8.034,0.697,47.14,0.58,0.945,0.6,0.312,18574052.0,631517.8,3.4000001722833555
G0025,5,GOV02,ECO02,4.741,8.029,0.729,47.72,0.698,0.925,0.593,0.25,19113978.0,733976.75,3.8399999727947787
G0025,6,GOV01,ECO02,4.554,8.035,0.759,48.3,0.792,0.875,0.606,0.274,19668063.0,845726.75,4.3000002084597755
G0025,7,GOV01,ECO02,4.434,8.048,0.738,48.7,0.817,0.87,0.598,0.272,20232312.0,1011615.6,5.0
G0025,8,GOV01,ECO02,4.245,8.065,0.743,49.1,0.766,0.898,0.618,0.284,20809530.0,1560714.8,7.500000240274528
G0025,9,GOV01,ECO02,4.271,8.09,0.76,49.5,0.794,0.867,0.681,0.268,21402379.0,2140238.0,10.000000467237777
G0025,10,GOV01,ECO02,4.24,8.12,0.778,49.9,0.795,0.856,0.623,0.216,22059894.0,3576983.8,16.214873017975517
G0025,11,GOV01,ECO02,5.038,8.149,0.646,50.3,0.791,0.868,0.651,0.346,22763418.0,4165705.2,18.299998708454066
G0025,12,GOV02,ECO02,4.816,8.167,0.659,51.1,0.713,0.879,0.662,0.367,23454165.0,4831558.0,20.60000004263635
G0025,13,GOV01,ECO02,5.074,8.176,0.695,51.9,0.767,0.844,0.632,0.377,24128609.0,5598554.5,23.202972454814947
G0025,14,GOV01,ECO02,5.251,8.19,0.677,52.7,0.816,0.884,0.642,0.356,24806377.0,7367494.0,29.700000124967865
G0025,15,GOV02,ECO02,4.937,8.203,0.711,53.5,0.712,0.817,0.629,0.326,25506095.0,9319718.0,36.53918014498103
G0025,16,GOV02,ECO02,5.241,8.175,0.72,54.3,0.675,0.837,0.63,0.386,26210566.0,11933467.0,45.52922283326503
G0026,1,GOV05,ECO01,7.418,10.652,0.962,71.3,0.957,0.503,0.839,0.233,32440172.0,23246628.0,71.66000229591877
G0026,3,GOV03,ECO01,7.482,10.739,,71.66,0.93,0.406,0.872,0.257,33092171.0,24223468.0,73.19999645837682
G0026,4,GOV03,ECO01,7.486,10.738,0.939,71.84,0.926,0.37,0.89,0.202,33449088.0,25655450.0,76.69999851714941
G0026,5,GOV03,ECO01,7.488,10.697,0.943,72.02,0.915,0.413,0.867,0.248,33826370.0,27162576.0,80.30000263108339
G0026,6,GOV03,ECO01,7.65,10.717,0.954,72.2,0.934,0.413,0.879,0.233,34196900.0,27460112.0,80.30000380151417
G0026,7,GOV03,ECO01,7.426,10.738,0.922,72.36,0.951,0.433,0.881,0.248,34555449.0,28681022.0,82.99999806108727
G0026,8,GOV03,ECO01,7.415,10.744,0.948,72.52,0.918,0.466,0.857,0.229,34922513.0,28985686.0,83.0000006013313
G0026,9,GOV03,ECO01,7.594,10.757,0.936,72.68,0.916,0.406,0.851,0.263,35293421.0,30281756.0,85.8000022157104
G0026,10,GOV03,ECO01,7.304,10.775,0.918,72.84,0.939,0.442,0.833,0.259,35634265.0,31044572.0,87.12000093168751
G0026,11,GOV03,ECO01,7.413,10.774,0.939,73.0,0.931,0.427,0.845,0.286,35962236.0,32366012.0,89.99999888772211
G0026,12,GOV03,ECO01,7.245,10.773,0.924,73.2,0.912,0.385,0.825,0.237,36353345.0,33139710.0,91.1600019200434
G0026,13,GOV03,ECO01,7.415,10.792,0.934,73.4,0.945,0.362,0.863,0.218,36808498.0,34121984.0,92.70137564428735
G0026,14,GOV03,ECO01,7.175,10.798,0.923,73.6,0.946,0.372,0.824,0.259,37294996.0,35295984.0,94.63999942512395
G0026,15,GOV03,ECO01,7.109,10.8,0.925,73.8,0.912,0.436,0.822,0.285,37782934.0,34727388.0,91.91289379485458
G0026,16,GOV03,ECO01,7.025,10.73,0.931,74.0,0.887,0.434,0.796,0.307,38171903.0,35232668.0,92.30000401080345
G0027,3,GOV02,ECO02,4.16,6.987,0.532,40.9,0.663,0.782,0.568,0.33,4462777.0,16771.828,0.3758159549536085
G0027,6,GOV02,ECO02,3.568,7.091,0.483,42.7,0.69,0.845,0.523,0.257,4493003.0,89860.06,2.0
G0027,7,GOV01,ECO02,3.678,7.125,0.387,43.08,0.78,0.834,0.524,0.277,4565023.0,100430.51,2.2000000876227785
G0027,12,GOV02,ECO02,2.693,6.785,0.29,44.9,0.624,0.859,0.579,0.494,4713663.0,146123.55,3.099999936355229
G0027,13,GOV02,ECO02,3.476,6.817,0.32,45.2,0.645,0.89,0.614,0.599,4793512.0,191740.48,4.0
G0028,2,GOV02,ECO02,3.435,7.36,0.724,43.18,0.306,0.961,0.58,0.263,10706426.0,62209.234,0.5810457570061195
G0028,3,GOV02,ECO02,4.141,7.359,0.479,43.66,0.295,0.874,0.614,0.245,11081667.0,93886.6,0.8472245195600987
G0028,4,GOV02,ECO02,4.632,7.356,0.571,44.14,0.527,0.944,0.569,0.225,11476299.0,136567.97,1.1900001036919654
G0028,5,GOV02,ECO02,3.639,7.364,0.646,44.62,0.401,0.931,0.557,0.221,11893753.0,178406.3,1.5000000420388753
G0028,6,GOV02,ECO02,3.743,7.457,0.734,45.1,0.505,0.858,0.545,0.287,12312580.0,209313.86,1.7
G0028,7,GOV02,ECO02,4.393,7.425,0.819,45.42,0.54,0.876,0.591,0.289,12755004.0,242345.08,1.900000031360241
G0028,8,GOV02,ECO02,4.033,7.476,0.673,45.74,0.563,0.884,0.527,0.316,13211006.0,277431.12,2.0999999545833226
G0028,9,GOV02,ECO02,3.508,7.498,0.714,46.06,0.488,0.882,0.462,0.314,13691081.0,342277.03,2.5000000365201256
G0028,10,GOV02,ECO02,3.46,7.532,0.733,46.38,0.567,0.881,0.536,0.329,14188680.0,411471.72,2.9
G0028,11,GOV02,ECO02,4.323,7.527,0.751,46.7,0.474,0.889,0.607,0.358,14647626.0,512666.9,3.499999931729551
G0028,12,GOV02,ECO02,4.029,7.431,0.616,47.2,0.525,0.82,0.582,0.468,15114652.0,876649.9,5.800000555752127
G0028,13,GOV02,ECO02,4.559,7.37,0.661,47.7,0.615,0.792,0.628,0.538,15622756.0,1156084.0,7.4000003584514795
G0028,14,GOV02,ECO02,4.486,7.363,0.577,48.2,0.65,0.763,0.553,0.544,16156535.0,1292522.8,8.0
G0028,15,GOV02,ECO02,4.251,7.365,0.64,48.7,0.537,0.832,0.587,0.46,16685223.0,1395580.6,8.364171099181593
G0029,2,GOV06,ECO01,6.063,9.85,0.836,68.66,0.744,0.634,0.804,0.348,16509195.0,5695300.5,34.497748073119254
G0029,3,GOV06,ECO01,5.698,9.887,0.815,68.72,0.662,0.723,0.767,0.342,16671571.0,5985094.0,35.900000065980585
G0029,4,GOV06,ECO01,5.789,9.911,0.804,68.78,0.64,0.741,0.757,0.33,16838987.0,6280942.0,37.299999103271475
G0029,5,GOV06,ECO01,6.494,9.885,0.832,68.84,0.747,0.734,0.808,0.3,17009730.0,7069244.0,41.56000124634547
G0029,6,GOV05,ECO01,6.636,9.931,0.857,68.9,0.786,0.702,0.809,0.3,17181463.0,7731658.5,45.00000087303392
G0029,7,GOV02,ECO01,6.526,9.98,0.819,69.04,0.701,0.753,0.804,0.317,17351810.0,9066253.0,52.249609694896385
G0029,8,GOV02,ECO01,6.599,10.023,0.855,69.18,0.734,0.782,0.815,0.288,17519116.0,9644273.0,55.0499979565179
G0029,9,GOV06,ECO01,6.74,10.053,0.862,69.32,0.737,0.741,0.855,0.285,17687006.0,10258463.0,57.999997286143284
G0029,10,GOV02,ECO01,6.844,10.059,0.862,69.46,0.733,0.758,0.87,0.276,17864192.0,10916808.0,61.110001504686025
G0029,11,GOV01,ECO01,6.533,10.07,0.827,69.6,0.769,0.812,0.803,0.333,18047630.0,13829825.0,76.62959069972068
G0029,12,GOV02,ECO01,6.579,10.074,0.841,69.7,0.652,0.858,0.869,0.283,18267225.0,15263835.0,83.55858648481092
G0029,13,GOV01,ECO01,6.32,10.072,0.88,69.8,0.79,0.836,0.838,0.291,18558868.0,15279049.0,82.3274835512597
G0029,14,GOV01,ECO01,6.436,10.097,0.89,69.9,0.789,0.816,0.833,0.276,18893185.0,16040314.0,84.8999996559606
G0029,15,GOV02,ECO01,5.942,10.095,0.869,70.0,0.659,0.86,0.809,0.337,19197748.0,16321462.0,85.0175864377426
G0029,16,GOV01,ECO01,6.151,10.02,0.888,70.1,0.781,0.812,0.815,0.336,19370621.0,16730598.0,86.37099450761026
G0030,2,GOV00,ECO02,4.56,8.696,0.747,66.88,,,0.809,0.17,1318054030.0,138700830.0,10.523152074425962
G0030,3,GOV00,ECO02,4.863,8.824,0.811,67.06,,,0.817,0.159,1325813576.0,212130180.0,16.000000591335024
G0030,4,GOV00,ECO02,4.846,8.911,0.748,67.24,0.853,,0.817,0.147,1333821011.0,301443550.0,22.600000113508482
G0030,5,GOV00,ECO02,4.454,8.996,0.798,67.42,0.771,,0.786,0.162,1342522717.0,387989060.0,28.89999961170117
G0030,6,GOV00,ECO02,4.653,9.092,0.768,67.6,0.805,,0.765,0.158,1351561505.0,463585600.0,34.30000028004645
G0030,7,GOV00,ECO02,5.037,9.179,0.787,67.76,0.824,,0.82,0.134,1360250658.0,520976000.0,38.299999851939056
G0030,8,GOV00,ECO02,5.095,9.249,0.788,67.92,0.808,,0.821,0.159,1369520866.0,579308900.0,42.30011490748619
G0030,9,GOV00,ECO02,5.241,9.319,0.778,68.08,0.805,,0.836,0.142,1379008040.0,631585660.0,45.799998381445256
G0030,10,GOV00,ECO02,5.196,9.386,0.82,68.24,,,0.854,0.112,1387951970.0,664829000.0,47.9000004589496
G0030,11,GOV00,ECO02,5.304,9.449,0.794,68.4,,,0.809,0.171,1396134171.0,702255500.0,50.3000008585851
G0030,12,GOV00,ECO02,5.325,9.51,0.742,68.7,,,0.826,0.146,1404052628.0,746956000.0,53.20000013560745
G0030,13,GOV00,ECO02,5.099,9.571,0.772,69.0,0.878,,0.821,0.214,1412354730.0,766908600.0,54.299998697919186
G0030,14,GOV00,ECO02,5.131,9.632,0.788,69.3,0.895,,0.856,0.19,1419008954.0,840053300.0,59.19999994587772
G0030,15,GOV00,ECO02,5.144,9.688,0.822,69.6,0.927,,0.891,0.147,1423520357.0,912204350.0,64.08087847246712
G0030,16,GOV00,ECO01,5.771,9.702,0.808,69.9,0.891,,0.789,0.245,1426106093.0,999026600.0,70.05275448325288
G0031,2,GOV01,ECO02,6.025,9.277,0.91,65.22,0.805,0.808,0.8,0.326,42691081.0,6549527.0,15.341675231882745
G0031,3,GOV01,ECO02,6.138,9.33,0.894,65.34,0.786,0.86,0.808,0.287,43235374.0,9425311.0,21.799998769526084
G0031,4,GOV01,ECO02,6.168,9.351,0.88,65.46,0.795,0.763,0.803,0.307,43758805.0,11202254.0,25.59999981717965
G0031,5,GOV01,ECO02,6.272,9.351,0.886,65.58,0.757,0.837,0.843,0.273,44271543.0,13281463.0,30.000000225878733
G0031,6,GOV01,ECO02,6.408,9.384,0.893,65.7,0.816,0.815,0.831,0.265,44777325.0,16343724.0,36.50000083747745
G0031,7,GOV01,ECO02,6.464,9.442,0.904,65.92,0.811,0.847,0.832,0.286,45259614.0,18262668.0,40.35091417262198
G0031,8,GOV01,ECO02,6.375,9.471,0.914,66.14,0.828,0.868,0.846,0.294,45715807.0,22391602.0,48.979999412457055
G0031,9,GOV01,ECO02,6.607,9.512,0.901,66.36,0.841,0.898,0.851,0.278,46151583.0,23860368.0,51.699999109456336
G0031,10,GOV01,ECO02,6.449,9.546,0.907,66.58,0.801,0.887,0.847,0.278,46565426.0,24479444.0,52.569999037483306
G0031,11,GOV01,ECO02,6.388,9.564,0.89,66.8,0.791,0.843,0.839,0.292,46969938.0,26258530.0,55.904970536686676
G0031,12,GOV01,ECO02,6.234,9.571,0.882,67.1,0.835,0.898,0.794,0.294,47437513.0,27578506.0,58.13649210488754
G0031,13,GOV01,ECO02,6.157,9.569,0.909,67.4,0.838,0.875,0.837,0.299,48131076.0,29966350.0,62.259879666932854
G0031,14,GOV01,ECO02,5.984,9.579,0.871,67.7,0.851,0.855,0.825,0.301,49024463.0,31437610.0,64.12637299056188
G0031,15,GOV01,ECO02,6.35,9.598,0.873,68.0,0.822,0.854,0.822,0.322,49907987.0,32443634.0,65.00689759336517
G0031,16,GOV01,ECO02,5.709,9.495,0.797,68.3,0.84,0.808,0.795,0.34,50629997.0,35337376.0,69.79533496713421
G0032,5,GOV02,ECO02,3.476,7.952,0.629,54.36,0.508,0.838,0.672,0.167,641949.0,22468.215,3.5
G0032,6,GOV06,ECO02,3.812,7.965,0.721,54.7,0.529,0.741,0.728,0.178,654846.0,33397.145,5.09999984729234
G0032,7,GOV06,ECO02,3.838,7.981,0.722,55.02,0.5,0.732,0.667,0.173,668064.0,36743.52,5.499999999999999
G0032,8,GOV06,ECO02,3.956,7.988,0.719,55.34,0.534,0.651,0.612,0.212,681637.0,40729.832,5.975296528797586
G0032,14,GOV02,ECO02,3.973,8.028,0.621,57.2,0.56,0.794,0.748,0.337,771597.0,,
G0032,15,GOV02,ECO02,4.609,8.033,0.632,57.5,0.538,0.762,0.736,0.336,786582.0,128871.63,16.383750200233415
G0033,4,GOV00,ECO02,3.82,8.082,0.555,52.2,0.526,,0.573,0.298,4113514.0,176367.33,4.287510143395647
G0033,7,GOV02,ECO02,4.51,8.18,0.637,54.58,0.745,0.833,0.621,0.288,4609728.0,258144.77,5.600000043386508
G0033,8,GOV01,ECO02,3.919,8.192,0.622,54.96,0.773,0.8,0.564,0.323,4740457.0,289485.25,6.106694987424208
G0033,9,GOV02,ECO02,3.955,8.201,0.68,55.34,0.726,0.752,0.61,0.291,4857104.0,320568.84,6.599999505878401
G0033,10,GOV02,ECO02,4.056,8.242,0.686,55.72,0.662,0.808,0.595,0.4,4975887.0,353785.56,7.109999885447559
G0033,11,GOV01,ECO02,4.691,8.243,0.642,56.1,0.85,0.841,0.606,0.261,5097583.0,388230.62,7.615974472607901
G0033,12,GOV01,ECO02,4.119,8.19,0.615,56.7,0.786,0.79,0.61,0.304,5222545.0,424172.44,8.121948973153893
G0033,13,GOV01,ECO02,4.884,8.146,0.655,57.3,0.778,0.763,0.599,0.382,5351013.0,462862.6,8.649999542142767
G0033,14,GOV06,ECO02,5.49,8.136,0.621,57.9,0.699,0.738,0.588,0.448,5483128.0,,
G0033,15,GOV06,ECO02,5.213,8.101,0.625,58.5,0.686,0.741,0.645,0.405,5616656.0,,
G0034,5,GOV02,ECO02,3.984,6.728,0.733,49.34,0.556,0.824,0.491,0.283,66412038.0,371907.4,0.5599999807263858
G0034,7,GOV02,ECO02,4.517,6.797,0.744,50.34,0.631,0.856,0.617,0.208,70849311.0,850191.75,1.200000025406034
G0034,8,GOV02,ECO02,4.639,6.832,0.77,50.78,0.557,0.807,0.634,0.23,73254623.0,1230649.1,1.679961003962849
G0034,9,GOV02,ECO02,4.497,6.88,0.83,51.22,0.48,0.913,0.589,0.187,75789397.0,1667366.8,2.2000000870834215
G0034,10,GOV02,ECO02,4.414,6.937,0.822,51.66,0.556,0.814,0.559,0.305,78403248.0,2352097.5,3.0000000765274417
G0034,11,GOV02,ECO02,3.903,6.971,0.767,52.1,0.574,0.866,0.589,0.301,81035532.0,3079349.8,3.799999486644945
G0034,12,GOV02,ECO02,4.522,6.962,0.864,52.5,0.637,0.875,0.646,0.222,83956416.0,5213672.0,6.2099744705633935
G0034,13,GOV02,ECO02,4.311,6.966,0.67,52.9,0.704,0.809,0.551,0.404,87083400.0,7506506.0,8.619904597202222
G0035,2,GOV01,ECO02,7.082,9.565,0.937,69.94,0.882,0.798,0.868,0.236,4321337.0,1084655.6,25.100000300832825
G0035,3,GOV01,ECO02,7.432,9.63,0.918,69.88,0.923,0.82,0.875,0.24,4380250.0,1243991.0,28.4
G0035,4,GOV01,ECO02,6.851,9.662,0.916,69.82,0.912,0.816,0.844,0.233,4440058.0,1433694.8,32.290001617095996
G0035,5,GOV01,ECO02,7.615,9.639,0.9,69.76,0.886,0.787,0.876,0.217,4499788.0,1544777.2,34.32999954664531
G0035,6,GOV01,ECO02,7.271,9.675,0.915,69.7,0.881,0.763,0.886,0.221,4555965.0,1662927.2,36.499999451268835
G0035,7,GOV01,ECO01,7.229,9.705,0.892,69.9,0.926,0.837,0.876,0.269,4609834.0,1807617.1,39.212195059518415
G0035,8,GOV01,ECO01,7.272,9.74,0.902,70.1,0.929,0.794,0.897,0.263,4663930.0,2215366.8,47.50000107205725
G0035,9,GOV01,ECO01,7.158,9.751,0.902,70.3,0.898,0.813,0.85,0.278,4716153.0,2167544.0,45.96000172174227
G0035,10,GOV01,ECO01,7.247,9.775,0.914,70.5,0.927,0.788,0.837,0.29,4767126.0,2526576.8,53.00000041953999
G0035,11,GOV01,ECO01,6.854,9.799,0.878,70.7,0.907,0.761,0.85,0.286,4818045.0,2879405.8,59.76294949507528
G0035,12,GOV01,ECO01,7.136,9.83,0.901,70.9,0.873,0.781,0.874,0.281,4867003.0,3206403.2,65.88044428984325
G0035,13,GOV05,ECO01,7.225,9.858,0.922,71.1,0.936,0.742,0.874,0.275,4913177.0,3516934.0,71.58166701504953
G0035,14,GOV01,ECO01,7.141,9.874,0.876,71.3,0.942,0.781,0.87,0.326,4957813.0,3642987.5,73.47972785581062
G0035,15,GOV01,ECO01,6.998,9.885,0.906,71.5,0.927,0.836,0.848,0.303,4999549.0,4059763.8,81.2026004745628
G0036,3,GOV02,ECO01,5.821,10.162,0.91,67.12,0.662,0.934,0.586,0.337,4315959.0,1788533.4,41.43999977756971
G0036,5,GOV02,ECO01,5.433,10.104,0.861,67.64,0.549,0.958,0.637,0.272,4310537.0,2180269.8,50.58000430108823
G0036,6,GOV02,ECO01,5.596,10.091,0.796,67.9,0.564,0.973,0.607,0.259,4301150.0,2432300.2,56.5499970938005
G0036,7,GOV02,ECO01,5.385,10.091,0.79,68.0,0.517,0.977,0.598,0.273,4280827.0,2473889.0,57.78997843173761
G0036,8,GOV02,ECO01,6.028,10.072,0.776,68.1,0.542,0.924,0.622,0.271,4259233.0,2638167.8,61.93997369949002
G0036,9,GOV02,ECO01,5.885,10.069,0.751,68.2,0.627,0.936,0.59,0.285,4242403.0,2831702.0,66.74759564331819
G0036,10,GOV02,ECO01,5.381,10.072,0.646,68.3,0.519,0.918,0.596,0.286,4219485.0,2893300.8,68.56999847137743
G0036,11,GOV02,ECO01,5.205,10.104,0.768,68.4,0.694,0.849,0.609,0.294,4183732.0,2922129.2,69.845037875275
G0036,12,GOV02,ECO01,5.417,10.146,0.798,69.0,0.672,0.884,0.614,0.337,4136438.0,3007077.8,72.69727722257653
G0036,13,GOV02,ECO01,5.343,10.189,0.77,69.6,0.716,0.892,0.655,0.316,4079198.0,2736986.5,67.09619145724233
G0036,14,GOV02,ECO01,5.536,10.224,0.91,70.2,0.691,0.925,0.582,0.29,4024868.0,3030509.2,75.29462332677743
G0036,15,GOV02,ECO01,5.626,10.258,0.936,70.8,0.739,0.932,0.551,0.269,3986338.0,3152387.2,79.07977697826928
G0036,16,GOV01,ECO01,6.508,10.166,0.923,71.4,0.837,0.961,0.743,0.286,3953956.0,3096774.0,78.32090190179152
G0037,2,GOV00,ECO00,5.418,,0.97,68.44,0.281,,0.647,0.277,11278550.0,1258641.2,11.159601189869266
G0038,2,GOV05,ECO01,6.238,10.566,0.878,71.44,0.836,0.712,0.829,0.253,1054424.0,377800.12,35.83000007587081
G0038,5,GOV01,ECO01,6.833,10.558,0.812,72.16,0.775,0.801,0.746,0.329,1109377.0,552580.7,49.81000146929312
G0038,6,GOV01,ECO01,6.387,10.551,0.822,72.4,0.755,0.833,0.786,0.296,1127826.0,597635.0,52.99000023053201
G0038,7,GOV02,ECO01,6.69,10.53,0.844,72.54,0.745,0.841,0.763,0.272,1146493.0,651894.7,56.85989360597927
G0038,8,GOV02,ECO01,6.181,10.479,0.767,72.68,0.725,0.871,0.755,0.369,1165403.0,707281.56,60.6898695129496
G0038,9,GOV02,ECO01,5.439,10.414,0.744,72.82,0.656,0.867,0.748,0.42,1183899.0,774918.75,65.45480230999435
G0038,10,GOV02,ECO01,5.627,10.406,0.77,72.96,0.715,0.868,0.737,0.397,1201806.0,833212.1,69.33000001664162
G0038,11,GOV02,ECO01,5.439,10.445,0.77,73.1,0.628,0.893,0.747,0.383,1219504.0,874576.4,71.71574672981802
G0038,12,GOV01,ECO01,5.795,10.506,0.786,73.3,0.756,0.898,0.742,0.336,1237114.0,938972.06,75.90020483156766
G0038,13,GOV01,ECO01,6.062,10.539,0.819,73.5,0.812,0.851,0.784,0.301,1254274.0,1012740.8,80.74318689536736
G0038,14,GOV01,ECO01,6.276,10.567,0.826,73.7,0.794,0.848,0.75,0.298,1270743.0,1072933.9,84.43358727925315
G0038,15,GOV02,ECO01,6.137,10.585,0.776,73.9,0.74,0.865,0.763,0.29,1286669.0,1107354.0,86.06362630948597
G0038,16,GOV01,ECO00,6.26,,0.806,74.1,0.763,0.816,0.759,0.284,1302250.0,1182468.4,90.80195047033979
G0039,1,GOV01,ECO01,6.439,10.324,0.919,67.0,0.865,0.901,0.723,0.258,10280155.0,3625810.8,35.270001279163594
G0039,3,GOV01,ECO01,6.5,10.437,0.9,67.44,0.799,0.928,0.736,0.277,10337539.0,5368284.0,51.9299999738816
G0039,6,GOV01,ECO01,6.25,10.419,0.934,68.1,0.779,0.926,0.641,0.244,10464035.0,7201349.0,68.82000107988935
G0039,7,GOV01,ECO01,6.331,10.435,0.914,68.24,0.787,0.95,0.601,0.253,10495508.0,7398283.5,70.4899991501126
G0039,8,GOV02,ECO01,6.334,10.426,0.912,68.38,0.74,0.957,0.609,0.257,10507339.0,7715540.0,73.43000925353222
G0039,9,GOV02,ECO01,6.698,10.42,0.888,68.52,0.726,0.916,0.72,0.253,10511164.0,7789865.5,74.1103982394338
G0039,10,GOV01,ECO01,6.484,10.446,0.878,68.66,0.8,0.897,0.678,0.235,10517223.0,7807114.5,74.23171021475916
G0039,11,GOV01,ECO01,6.608,10.496,0.911,68.8,0.808,0.886,0.751,0.206,10524418.0,7963705.0,75.66883983513388
G0039,12,GOV01,ECO01,6.736,10.518,0.931,69.3,0.85,0.9,0.756,0.201,10531946.0,8054959.0,76.48120299895196
G0039,13,GOV01,ECO01,6.79,10.558,0.901,69.8,0.832,0.867,0.739,0.227,10541343.0,8298057.5,78.71916794662691
G0039,14,GOV01,ECO01,7.034,10.583,0.929,70.3,0.79,0.851,0.714,0.178,10548934.0,8511741.0,80.68816242475306
G0039,16,GOV01,ECO01,6.897,10.53,0.964,71.3,0.906,0.884,0.832,0.29,10550129.0,8581359.0,81.3389011641469
G0040,1,GOV03,ECO01,8.019,10.851,0.972,69.6,0.971,0.237,0.86,0.154,5419550.0,4484135.5,82.7399968632082
G0040,3,GOV03,ECO01,7.834,10.891,0.954,69.92,0.932,0.206,0.828,0.194,5461604.0,4644002.0,85.03000217518516
G0040,4,GOV03,ECO01,7.971,10.88,0.954,70.08,0.97,0.248,0.757,0.163,5493762.0,4670796.5,85.02000086643724
G0040,5,GOV03,ECO01,7.683,10.824,0.939,70.24,0.949,0.206,0.749,0.234,5523169.0,4796320.0,86.84000073146413
G0040,6,GOV03,ECO01,7.771,10.839,0.975,70.4,0.944,0.175,0.785,0.155,5547865.0,4922066.0,88.72000310029173
G0040,7,GOV03,ECO01,7.788,10.848,0.962,70.62,0.935,0.22,0.769,0.175,5570848.0,5003179.5,89.81001635657623
G0040,8,GOV03,ECO01,7.52,10.846,0.951,70.84,0.933,0.187,0.774,0.209,5591911.0,5159097.5,92.26000735705557
G0040,9,GOV03,ECO01,7.589,10.851,0.965,71.06,0.92,0.17,0.862,0.195,5615333.0,5313773.0,94.62970406207432
G0040,10,GOV03,ECO01,7.508,10.862,0.956,71.28,0.942,0.237,0.832,0.233,5643795.0,5417478.5,95.989994321197
G0040,11,GOV03,ECO01,7.514,10.878,0.96,71.5,0.941,0.191,0.829,0.218,5683698.0,5475135.0,96.33050524500071
G0040,12,GOV03,ECO01,7.558,10.903,0.954,71.8,0.948,0.21,0.836,0.208,5728196.0,5554505.0,96.96778881169568
G0040,13,GOV03,ECO01,7.594,10.916,0.952,72.1,0.955,0.181,0.824,0.206,5765164.0,5597937.5,97.09936265473107
G0040,14,GOV03,ECO01,7.649,10.935,0.958,72.4,0.935,0.151,0.821,0.206,5793824.0,5638503.5,97.31920576116913
G0040,15,GOV03,ECO01,7.693,10.954,0.958,72.7,0.963,0.174,0.862,0.181,5814618.0,5701025.5,98.04643228497555
G0040,16,GOV03,ECO01,7.515,10.91,0.947,73.0,0.938,0.214,0.818,0.227,5831529.0,5630291.5,96.5491468875487
G0041,4,GOV05,ECO02,5.009,8.111,0.69,53.26,0.773,0.576,0.755,0.12,892739.0,20175.9,2.2599998431792496
G0041,5,GOV06,ECO02,4.906,7.927,0.901,53.78,0.649,0.634,0.662,0.232,911524.0,36460.96,4.0
G0041,6,GOV05,ECO02,5.006,7.812,,54.3,0.764,0.597,,,930252.0,60466.38,6.5
G0041,7,GOV06,ECO02,4.369,7.88,0.633,54.7,0.746,0.519,0.579,0.181,948565.0,66399.55,7.0
G0042,2,GOV01,ECO02,5.088,9.314,0.919,62.68,0.858,0.755,0.748,0.274,9341187.0,1386692.5,14.844928165981475
G0042,3,GOV01,ECO02,5.081,9.372,0.848,62.96,0.886,0.772,0.767,0.26,9455663.0,1669870.1,17.660000150174557
G0042,4,GOV05,ECO02,4.842,9.391,0.85,63.24,0.848,0.728,0.732,0.329,9573135.0,1993126.6,20.81999888228882
G0042,5,GOV01,ECO02,5.432,9.388,0.878,63.52,0.863,0.806,0.785,0.28,9695270.0,2687528.8,27.719999546170452
G0042,6,GOV01,ECO02,4.735,9.456,0.86,63.8,0.824,0.78,0.787,0.282,9820180.0,3083536.5,31.399999796337745
G0042,7,GOV01,ECO02,5.397,9.475,0.872,64.02,0.848,0.788,0.809,0.3,9945623.0,3779336.8,38.000000603280455
G0042,8,GOV05,ECO02,4.753,9.489,0.879,64.24,0.84,0.727,0.797,0.297,10070409.0,4261797.0,42.31999911820861
G0042,9,GOV01,ECO02,5.016,9.525,0.878,64.46,0.889,0.752,0.793,0.295,10193838.0,4678972.0,45.90000351192554
G0042,10,GOV01,ECO02,5.387,9.582,0.891,64.68,0.905,0.76,0.798,0.3,10315523.0,5114436.5,49.58000190586556
G0042,11,GOV01,ECO02,5.062,9.637,0.893,64.9,0.856,0.755,0.714,0.295,10434826.0,5657321.0,54.21576746943361
G0042,12,GOV05,ECO02,5.239,9.691,0.895,65.2,0.873,0.737,0.76,0.278,10551430.0,6739289.5,63.87086394924669
G0042,13,GOV01,ECO01,5.605,9.725,0.894,65.5,0.855,0.76,0.739,0.275,10666846.0,7207720.5,67.5712436459662
G0042,14,GOV01,ECO01,5.433,9.782,0.862,65.8,0.867,0.762,0.745,0.291,10782048.0,8067349.5,74.82205143215835
G0042,15,GOV05,ECO01,6.004,9.821,0.884,66.1,0.877,0.746,0.784,0.264,10894043.0,8684236.0,79.71545550169023
G0042,16,GOV05,ECO01,5.168,9.802,0.806,66.4,0.835,0.636,0.734,0.314,11008298.0,9048634.0,82.19830168114999
G0043,2,GOV02,ECO02,5.024,9.186,0.91,66.08,0.671,0.901,0.825,0.357,14086138.0,1014201.94,7.200000028396712
G0043,3,GOV02,ECO02,4.996,9.191,0.839,66.26,0.67,0.83,0.833,0.286,14328783.0,1547508.6,10.800000251242551
G0043,4,GOV02,ECO02,5.297,9.236,0.829,66.44,0.64,0.801,0.843,0.283,14575201.0,2740137.8,18.800000082331625
G0043,5,GOV02,ECO02,6.022,9.225,0.779,66.62,0.737,0.774,0.84,0.256,14825960.0,3647186.2,24.600000269797032
G0043,6,GOV02,ECO02,5.838,9.244,0.839,66.8,0.723,0.806,0.826,0.22,15076697.0,4376765.0,29.029999077384126
G0043,7,GOV05,ECO02,5.795,9.304,0.818,66.96,0.788,0.702,0.862,0.271,15326232.0,4807350.0,31.366809532832335
G0043,8,GOV05,ECO02,5.961,9.344,0.785,67.12,0.825,0.73,0.847,0.333,15572195.0,5471313.5,35.13514632972423
G0043,9,GOV05,ECO02,6.019,9.377,0.801,67.28,0.787,0.646,0.851,0.267,15807132.0,6366974.0,40.27912210766634
G0043,10,GOV06,ECO02,5.946,9.399,0.831,67.44,0.719,0.661,0.859,0.306,16035127.0,7310477.0,45.590390397282164
G0043,11,GOV05,ECO02,5.964,9.384,0.856,67.6,0.801,0.666,0.851,0.323,16266229.0,7960763.0,48.940433581747804
G0043,12,GOV01,ECO02,6.115,9.355,0.842,67.9,0.846,0.774,0.846,0.365,16505142.0,8923162.0,54.06292172463587
G0043,13,GOV05,ECO02,5.84,9.36,0.849,68.2,0.879,0.734,0.829,0.314,16759515.0,9351809.0,55.79999779229888
G0043,14,GOV01,ECO02,6.128,9.355,0.851,68.5,0.869,0.831,0.876,0.328,17049542.0,9803487.0,57.50000205284107
G0043,15,GOV01,ECO02,5.809,9.339,0.808,68.8,0.83,0.839,0.811,0.374,17340017.0,10265290.0,59.19999963091155
G0043,16,GOV01,ECO02,5.354,9.244,0.804,69.1,0.829,0.855,0.79,0.416,17546058.0,12405062.0,70.69999426651844
G0044,1,GOV00,ECO02,5.168,9.036,0.848,59.7,0.817,,0.735,0.346,81101012.0,10340379.0,12.749999963009094
G0044,3,GOV00,ECO02,5.541,9.135,0.686,59.82,0.609,,0.665,0.355,84276224.0,13509479.0,16.03000034742895
G0044,4,GOV00,ECO02,4.632,9.186,0.738,59.88,,0.914,0.683,0.301,85864791.0,15464249.0,18.0100001640952
G0044,5,GOV02,ECO02,5.066,9.213,0.744,59.94,0.611,0.801,0.642,0.339,87501635.0,17500328.0,20.00000114283579
G0044,6,GOV02,ECO02,4.669,9.244,0.769,60.0,0.486,0.826,0.567,0.276,89196073.0,19266352.0,21.600000260101137
G0044,7,GOV02,ECO02,4.174,9.24,0.753,60.16,0.59,0.859,0.529,0.353,91093066.0,23319826.0,25.60000121194735
G0044,8,GOV02,ECO02,4.204,9.24,0.737,60.32,0.452,0.88,0.527,0.398,93161000.0,24594504.0,26.4
G0044,9,GOV02,ECO02,3.559,9.239,0.675,60.48,0.474,0.913,0.551,0.483,95333551.0,28028064.0,29.40000000629369
G0044,10,GOV06,ECO02,4.885,9.245,0.619,60.64,0.578,0.749,0.543,0.327,97528655.0,33056952.0,33.89460461645862
G0044,11,GOV06,ECO02,4.763,9.266,0.73,60.8,0.659,0.684,0.61,0.344,99597334.0,37667096.0,37.819381791886116
G0044,12,GOV02,ECO02,4.557,9.287,0.809,61.1,0.656,0.818,0.611,0.37,101644583.0,41926424.0,41.24806532975791
G0044,13,GOV00,ECO02,3.929,9.307,0.638,61.4,0.593,,0.539,0.414,103696055.0,46611588.0,44.950203746902424
G0044,14,GOV00,ECO02,4.005,9.338,0.759,61.7,0.682,,0.492,0.285,105682092.0,49590620.0,46.92433605496757
G0044,15,GOV00,ECO02,4.328,9.373,0.772,62.0,0.774,,0.517,0.313,107553159.0,61609532.0,57.282866047663
G0044,16,GOV00,ECO02,4.472,9.383,0.673,62.3,0.77,,0.599,0.442,109315118.0,78613096.0,71.91420312056015
G0045,2,GOV02,ECO02,5.701,8.873,0.878,62.92,0.683,0.807,0.864,0.233,6002321.0,330127.66,5.500000083301109
G0045,3,GOV02,ECO02,5.296,8.887,0.717,63.24,0.639,0.785,0.869,0.22,6009820.0,367200.0,6.109999966721133
G0045,4,GOV06,ECO02,5.191,8.908,0.747,63.56,0.636,0.735,0.842,0.232,6029302.0,607753.6,10.07999931003622
G0045,5,GOV06,ECO02,6.839,8.883,0.734,63.88,0.671,0.648,0.85,0.243,6048284.0,732447.2,12.110000125655475
G0045,6,GOV06,ECO02,6.74,8.9,0.757,64.2,0.669,0.694,0.814,0.302,6068253.0,964852.2,15.899999555061399
G0045,7,GOV06,ECO02,4.741,8.933,0.731,64.4,0.747,0.707,0.875,0.336,6090128.0,1151034.1,18.89999848935852
G0045,8,GOV02,ECO02,5.934,8.956,0.806,64.6,0.683,0.786,0.831,0.365,6113977.0,1242445.0,20.321388189716775
G0045,9,GOV02,ECO02,6.325,8.974,0.827,64.8,0.716,0.772,0.828,0.317,6138845.0,1418644.1,23.109299876442556
G0045,10,GOV01,ECO02,5.857,8.986,0.798,65.0,0.778,0.781,0.837,0.33,6162952.0,1526052.5,24.761713217951396
G0045,11,GOV02,ECO02,6.018,9.005,0.791,65.2,0.733,0.805,0.826,0.333,6183675.0,1657386.0,26.80260524687989
G0045,12,GOV01,ECO02,6.14,9.025,0.794,65.5,0.8,0.797,0.761,0.346,6200808.0,1798052.8,28.997072639565683
G0045,13,GOV01,ECO02,6.339,9.042,0.829,65.8,0.758,0.778,0.849,0.268,6213538.0,2101463.8,33.82072822279351
G0045,14,GOV01,ECO02,6.241,9.061,0.82,66.1,0.863,0.801,0.86,0.27,6219803.0,2724273.8,43.80000138268045
G0045,15,GOV05,ECO02,6.455,9.08,0.764,66.4,0.877,0.682,0.871,0.271,6222316.0,3141721.8,50.49119652553808
G0045,16,GOV05,ECO02,5.462,9.019,0.696,66.7,0.924,0.583,0.839,0.329,6234679.0,3404220.0,54.60136760850077
G0046,2,GOV02,ECO01,5.371,10.27,0.91,64.86,0.749,0.797,0.655,0.215,1346885.0,855406.6,63.50999528541784
G0046,3,GOV06,ECO01,5.332,10.347,0.896,65.32,0.712,0.743,0.666,0.176,1340709.0,887415.3,66.19000096217748
G0046,4,GOV06,ECO01,5.452,10.298,0.904,65.78,0.642,0.663,0.597,0.218,1337078.0,943709.7,70.58000356000173
G0046,5,GOV02,ECO01,5.138,10.144,0.874,66.24,0.611,0.793,0.598,0.243,1334528.0,967532.8,72.5
G0046,7,GOV06,ECO01,5.487,10.248,0.909,66.96,0.735,0.687,0.651,0.205,1327366.0,1015435.0,76.50000075337171
G0046,8,GOV02,ECO01,5.364,10.282,0.889,67.22,0.697,0.793,0.647,0.199,1322615.0,1036796.9,78.38992450561955
G0046,9,GOV05,ECO01,5.367,10.299,0.901,67.48,0.754,0.726,0.702,0.199,1317920.0,1054392.8,80.00430982153696
G0046,10,GOV05,ECO01,5.556,10.331,0.917,67.74,0.773,0.652,0.68,0.203,1314457.0,1107318.8,84.24153852122969
G0046,11,GOV05,ECO01,5.629,10.348,0.918,68.0,0.815,0.569,0.723,0.183,1314580.0,1162216.4,88.4097126078291
G0046,12,GOV05,ECO01,5.65,10.374,0.938,68.2,0.843,0.639,0.726,0.177,1315850.0,1147950.6,87.24023254930275
G0046,13,GOV05,ECO01,5.938,10.429,0.936,68.4,0.862,0.668,0.805,0.16,1317430.0,1160688.1,88.1024494660058
G0046,14,GOV05,ECO01,6.091,10.472,0.933,68.6,0.886,0.621,0.795,0.163,1321972.0,1181274.6,89.35700604853962
G0046,15,GOV05,ECO01,6.035,10.511,0.934,68.8,0.887,0.576,0.804,0.156,1326822.0,1197177.2,90.2289229452029
G0046,16,GOV03,ECO01,6.453,10.459,0.958,69.0,0.954,0.398,0.807,0.188,1329675.0,1184185.8,89.05828867956455
G0047,8,GOV00,ECO02,4.561,7.271,0.659,55.2,0.776,,0.668,0.137,95798771.0,2778164.5,2.9000001471835164
G0047,9,GOV02,ECO02,4.445,7.343,0.602,55.8,0.707,0.75,0.643,0.213,98438752.0,4528182.5,4.599999906540871
G0047,10,GOV06,ECO02,4.507,7.413,0.64,56.4,0.694,0.702,0.738,0.303,101115615.0,7785902.0,7.699999648916737
G0047,11,GOV05,ECO02,4.573,7.484,0.626,57.0,0.803,0.567,0.714,0.237,103867140.0,14390975.0,13.85517594881307
G0047,12,GOV06,ECO02,4.298,7.547,0.719,57.5,0.744,0.703,0.727,0.254,106718163.0,16399299.0,15.366923997745351
G0047,13,GOV02,ECO02,4.18,7.612,0.734,58.0,0.717,0.757,0.609,0.304,109666482.0,17107972.0,15.600000736779355
G0047,14,GOV02,ECO02,4.379,7.651,0.74,58.5,0.74,0.799,0.66,0.272,112664157.0,17913600.0,15.899999145247232
G0047,15,GOV05,ECO02,4.1,7.705,0.748,59.0,0.754,0.732,0.631,0.283,115737384.0,18694278.0,16.15232464559593
G0047,16,GOV01,ECO02,4.549,7.711,0.823,59.5,0.769,0.784,0.669,0.252,118917670.0,19529786.0,16.422947069178196
G0048,2,GOV03,ECO01,7.672,10.745,0.965,69.76,0.969,0.132,0.722,0.172,5266248.0,4195093.5,79.66000651697375
G0048,4,GOV03,ECO01,7.671,10.796,0.951,70.08,0.934,0.217,0.773,0.144,5313379.0,4445704.0,83.66999606088706
G0048,6,GOV03,ECO01,7.393,10.734,0.935,70.4,0.916,0.413,0.832,0.202,5363347.0,4660212.0,86.88999611623115
G0048,7,GOV03,ECO01,7.354,10.754,0.938,70.64,0.936,0.32,0.773,0.205,5388236.0,4779903.5,88.70998783275269
G0048,8,GOV03,ECO01,7.42,10.735,0.928,70.88,0.921,0.361,0.796,0.202,5413978.0,4866083.5,89.88000135944402
G0048,9,GOV03,ECO01,7.445,10.722,0.941,71.12,0.919,0.306,0.769,0.195,5439057.0,4977520.0,91.51439302805615
G0048,10,GOV03,ECO01,7.385,10.714,0.952,71.36,0.933,0.265,0.784,0.199,5461686.0,4726018.5,86.53039555917348
G0048,11,GOV03,ECO01,7.448,10.716,0.948,71.6,0.93,0.223,0.751,0.191,5479719.0,4735690.0,86.4221322297731
G0048,12,GOV03,ECO01,7.66,10.74,0.954,71.7,0.948,0.25,0.797,0.182,5495468.0,4819726.0,87.7036496254732
G0048,13,GOV03,ECO01,7.788,10.768,0.964,71.8,0.962,0.192,0.787,0.176,5508398.0,4818136.5,87.46892472185198
G0048,14,GOV03,ECO01,7.858,10.783,0.962,71.9,0.938,0.199,0.782,0.182,5515730.0,4902930.5,88.88996560745359
G0048,15,GOV03,ECO01,7.78,10.792,0.937,72.0,0.948,0.195,0.755,0.181,5521754.0,4947899.5,89.60738743522438
G0048,16,GOV03,ECO01,7.889,10.75,0.962,72.1,0.962,0.164,0.744,0.193,5529616.0,5096662.0,92.17027005130194
G0049,1,GOV05,ECO01,7.093,10.642,0.94,71.3,0.895,0.688,0.769,0.225,61625031.0,26418650.0,42.869998718540195
G0049,2,GOV05,ECO01,6.583,10.659,0.944,71.48,0.789,0.699,0.777,0.289,62049831.0,29082756.0,46.87000033892115
G0049,4,GOV05,ECO01,7.008,10.674,0.935,71.84,0.833,0.669,0.746,0.281,62780187.0,44373036.0,70.67999972666536
G0049,5,GOV05,ECO01,6.283,10.639,0.918,72.02,0.798,0.654,0.763,0.303,63106460.0,45171604.0,71.57999989224558
G0049,6,GOV05,ECO01,6.798,10.654,0.943,72.2,0.85,0.623,0.79,0.261,63417366.0,49008940.0,77.27999929861483
G0049,7,GOV05,ECO01,6.959,10.671,0.921,72.4,0.903,0.627,0.781,0.281,63733776.0,49597624.0,77.81999924184628
G0049,8,GOV05,ECO01,6.649,10.669,0.937,72.6,0.841,0.608,0.754,0.253,64058465.0,52169216.0,81.44000328449955
G0049,9,GOV05,ECO01,6.667,10.669,0.908,72.8,0.878,0.699,0.8,0.205,64387736.0,52746304.0,81.91979913690396
G0049,10,GOV05,ECO01,6.467,10.674,0.878,73.0,0.803,0.656,0.811,0.216,64692495.0,54179964.0,83.74999913050192
G0049,11,GOV05,ECO01,6.358,10.682,0.896,73.2,0.817,0.641,0.786,0.215,64916337.0,50638660.0,78.00603413590635
G0049,12,GOV05,ECO01,6.475,10.69,0.885,73.4,0.787,0.623,0.773,0.27,65086853.0,51594228.0,79.26981505773524
G0049,13,GOV05,ECO01,6.635,10.711,0.931,73.6,0.834,0.601,0.762,0.242,65284775.0,52555850.0,80.50246018309782
G0049,14,GOV05,ECO01,6.666,10.727,0.921,73.8,0.816,0.582,0.767,0.282,65519537.0,53754320.0,82.04319270449056
G0049,15,GOV05,ECO01,6.69,10.74,0.958,74.0,0.827,0.568,0.735,0.25,65729460.0,54778764.0,83.33974446161584
G0049,16,GOV05,ECO01,6.714,10.643,0.947,74.2,0.823,0.565,0.732,0.231,65905273.0,55825988.0,84.7064058136896
G0050,7,GOV01,ECO02,4.255,9.608,0.653,55.48,0.772,0.851,0.591,0.264,1781987.0,320757.66,17.999999999999996
G0050,8,GOV02,ECO02,3.972,9.621,0.736,56.16,0.566,0.81,0.47,0.266,1846893.0,443254.3,23.999998917100232
G0050,9,GOV02,ECO02,3.8,9.638,0.733,56.84,0.682,0.78,0.51,0.287,1913061.0,584211.2,30.538033026652048
G0050,10,GOV02,ECO02,3.918,9.644,0.829,57.52,0.607,0.782,0.539,0.293,1978400.0,753200.8,38.071209057824504
G0050,11,GOV02,ECO02,4.661,9.649,0.756,58.2,0.671,0.867,0.626,0.372,2040990.0,934457.9,45.784540835574894
G0050,12,GOV02,ECO02,4.832,9.639,0.78,58.7,0.699,0.817,0.64,0.432,2100310.0,1009246.7,48.05227323585566
G0050,13,GOV02,ECO02,4.782,9.616,0.807,59.2,0.652,0.868,0.634,0.446,2156902.0,1085355.8,50.32012581007389
G0050,14,GOV02,ECO02,4.783,9.599,0.785,59.7,0.719,0.823,0.641,0.418,2212320.0,1318542.6,59.5999945758299
G0050,15,GOV02,ECO02,4.914,9.607,0.763,60.2,0.736,0.846,0.693,0.413,2267711.0,1557588.6,68.68549828439338
G0051,13,GOV05,ECO02,4.118,7.637,0.697,54.7,0.812,0.572,0.838,0.277,2342191.0,526993.0,22.500001067376658
G0051,14,GOV06,ECO02,4.922,7.671,0.685,55.0,0.719,0.691,0.804,0.379,2399633.0,611906.44,25.500001041825975
G0051,15,GOV02,ECO02,5.164,7.699,0.694,55.3,0.677,0.798,0.773,0.401,2456847.0,707691.6,28.80487063296982
G0052,2,GOV02,ECO02,3.675,8.993,0.647,65.12,0.553,0.752,0.433,0.269,3996584.0,300817.97,7.526877203131473
G0052,3,GOV06,ECO02,3.707,9.117,0.548,65.04,0.464,0.697,0.427,0.236,3967592.0,327723.1,8.260000020163362
G0052,4,GOV04,ECO02,4.156,9.144,0.608,64.96,0.614,0.498,0.441,0.262,3941192.0,394513.34,10.010000527759114
G0052,5,GOV06,ECO02,3.801,9.116,0.544,64.88,0.495,0.535,0.492,0.242,3918935.0,786530.25,20.069999885172884
G0052,6,GOV04,ECO02,4.102,9.184,0.54,64.8,0.558,0.46,0.502,0.243,3895932.0,1048005.7,26.899999794657607
G0052,7,GOV04,ECO02,4.203,9.263,0.503,64.86,0.632,0.353,0.515,0.247,3868724.0,1219421.9,31.520002460759667
G0052,8,GOV04,ECO02,4.254,9.332,0.533,64.92,0.659,0.321,0.559,0.25,3839208.0,1418203.4,36.93999908314423
G0052,9,GOV04,ECO02,4.349,9.371,0.559,64.98,0.722,0.349,0.595,0.2,3809128.0,1649352.4,43.29999936993454
G0052,10,GOV04,ECO02,4.288,9.414,0.558,65.04,0.72,0.416,0.57,0.204,3792921.0,1668885.2,43.99999894540382
G0052,11,GOV06,ECO02,4.122,9.442,0.517,65.1,0.64,0.502,0.547,0.233,3791570.0,1803640.8,47.5697613389704
G0052,12,GOV06,ECO02,4.448,9.47,0.533,64.9,0.606,0.561,0.564,0.223,3792061.0,2216812.0,58.459291662238556
G0052,13,GOV05,ECO02,4.451,9.517,0.59,64.7,0.821,0.59,0.581,0.21,3792860.0,2264546.2,59.70550455329224
G0052,14,GOV01,ECO02,4.659,9.565,0.617,64.5,0.775,0.755,0.573,0.244,3794881.0,2380070.0,62.7179086775053
G0052,15,GOV05,ECO02,4.892,9.617,0.675,64.3,0.811,0.647,0.604,0.244,3796722.0,2613918.2,68.84671039912853
G0052,16,GOV05,ECO02,5.123,9.569,0.718,64.1,0.764,0.583,0.611,0.295,3795680.0,2753066.5,72.5315753698942
G0053,1,GOV01,ECO01,6.62,10.689,0.963,70.2,0.847,0.781,0.776,0.197,82046733.0,56374308.0,68.70999726460772
G0053,3,GOV01,ECO01,6.417,10.759,0.926,70.48,0.801,0.792,0.732,0.231,81298546.0,61103990.0,75.16000347656895
G0053,4,GOV01,ECO01,6.522,10.77,0.923,70.62,0.766,0.758,0.787,0.22,81110780.0,63266410.0,78.00000197261079
G0053,5,GOV05,ECO01,6.641,10.714,0.935,70.76,0.844,0.69,0.792,0.206,80935276.0,63938868.0,78.99999995057779
G0053,6,GOV05,ECO01,6.725,10.756,0.939,70.9,0.843,0.688,0.794,0.182,80830916.0,66281350.0,81.99999861439156
G0053,7,GOV05,ECO01,6.621,10.813,0.947,70.98,0.906,0.677,0.794,0.165,80857877.0,65713190.0,81.26999179065757
G0053,8,GOV05,ECO01,6.702,10.816,0.926,71.06,0.904,0.679,0.804,0.17,80916391.0,66634650.0,82.35000248589931
G0053,9,GOV05,ECO01,6.965,10.817,0.931,71.14,0.894,0.566,0.743,0.205,81041581.0,68212696.0,84.16999663419696
G0053,10,GOV03,ECO01,6.984,10.835,0.938,71.22,0.899,0.474,0.785,0.188,81376078.0,70138040.0,86.1899979991663
G0053,11,GOV03,ECO01,7.037,10.844,0.926,71.3,0.889,0.412,0.765,0.203,82077546.0,71891560.0,87.5898019660578
G0053,12,GOV03,ECO01,6.874,10.858,0.906,71.6,0.871,0.446,0.738,0.187,82760102.0,69655210.0,84.16520559629083
G0053,13,GOV03,ECO01,7.074,10.878,0.892,71.9,0.841,0.414,0.737,0.196,83104010.0,70134930.0,84.39415859716036
G0053,14,GOV03,ECO01,7.118,10.89,0.92,72.2,0.877,0.496,0.78,0.243,83368507.0,72561540.0,87.03711102802885
G0053,15,GOV03,ECO01,7.035,10.893,0.886,72.5,0.885,0.462,0.751,0.226,83559184.0,73644480.0,88.13451313741886
G0053,16,GOV03,ECO01,7.312,10.833,0.905,72.8,0.864,0.424,0.76,0.206,83628711.0,75109410.0,89.81294713486616
G0054,2,GOV01,ECO02,4.535,8.073,0.728,52.34,0.849,0.814,0.671,0.198,23040704.0,627438.94,2.723176080036443
G0054,3,GOV01,ECO02,5.22,8.09,0.73,52.78,0.891,0.771,0.686,0.217,23642284.0,910227.94,3.8500000253782587
G0054,4,GOV01,ECO02,4.965,8.152,0.622,53.22,0.838,0.863,0.717,0.172,24249945.0,1035472.6,4.269999787628384
G0054,5,GOV01,ECO02,4.198,8.174,0.633,53.66,0.757,0.89,0.774,0.198,24862667.0,1352529.1,5.440000061135839
G0054,6,GOV01,ECO02,4.606,8.225,0.739,54.1,0.891,0.875,0.783,0.184,25475000.0,1987050.0,7.8
G0054,7,GOV01,ECO02,5.608,8.332,0.724,54.48,0.852,0.79,0.744,0.209,26095091.0,2348558.2,9.000000038321385
G0054,8,GOV02,ECO02,5.057,8.397,0.685,54.86,0.679,0.898,0.76,0.152,26734273.0,2833833.0,10.600000231912048
G0054,9,GOV01,ECO02,4.965,8.445,0.676,55.24,0.794,0.88,0.691,0.211,27386193.0,4107929.0,15.000000182573752
G0054,10,GOV02,ECO02,3.86,8.45,0.651,55.62,0.677,0.913,0.696,0.28,28041592.0,5327902.5,19.000000071322628
G0054,11,GOV01,ECO02,3.986,8.449,0.687,56.0,0.852,0.945,0.69,0.265,28696071.0,6600096.5,23.000000592415596
G0054,12,GOV01,ECO02,4.514,8.46,0.647,56.4,0.751,0.894,0.668,0.305,29356736.0,8219886.0,27.99999972749014
G0054,13,GOV01,ECO02,5.481,8.517,0.669,56.8,0.783,0.839,0.703,0.248,30008364.0,11368414.0,37.88415123196986
G0054,14,GOV01,ECO02,5.004,8.555,0.761,57.2,0.817,0.846,0.747,0.25,30637592.0,13174165.0,43.000001436144196
G0054,15,GOV01,ECO02,4.967,8.596,0.746,57.6,0.787,0.857,0.682,0.27,31258943.0,14069535.0,45.0096313237463
G0054,16,GOV01,ECO02,5.319,8.59,0.643,58.0,0.824,0.847,0.713,0.253,31887802.0,18074694.0,56.682157020418025
G0055,1,GOV02,ECO01,6.006,10.462,0.837,70.5,0.734,0.861,0.692,0.264,10981340.0,2635521.5,23.999999089364323
G0055,3,GOV02,ECO01,6.647,10.543,0.808,70.9,0.575,0.845,0.738,0.222,11045737.0,3963210.5,35.88000058303036
G0055,5,GOV02,ECO01,6.039,10.491,0.793,71.3,0.443,0.959,0.649,0.254,11108067.0,4709820.5,42.40000082822691
G0055,6,GOV02,ECO01,5.84,10.433,0.868,71.5,0.484,0.954,0.634,0.292,11124666.0,4939352.0,44.40000266075404
G0055,7,GOV02,ECO01,5.372,10.339,0.852,71.56,0.528,0.941,0.591,0.323,11108838.0,5737714.0,51.649992555477
G0055,8,GOV02,ECO01,5.096,10.268,0.812,71.62,0.373,0.959,0.581,0.352,11048291.0,6084293.0,55.069992273013085
G0055,9,GOV02,ECO01,4.72,10.243,0.687,71.68,0.426,0.941,0.689,0.482,10967534.0,6565856.5,59.86629720044633
G0055,10,GOV02,ECO01,4.756,10.257,0.832,71.74,0.369,0.93,0.695,0.385,10893169.0,6885572.0,63.20999885340988
G0055,11,GOV02,ECO01,5.623,10.259,0.835,71.8,0.532,0.824,0.74,0.277,10820902.0,7232145.5,66.83495978431372
G0055,12,GOV02,ECO01,5.303,10.261,0.803,72.0,0.482,0.898,0.701,0.336,10775506.0,7444572.5,69.08791568581559
G0055,13,GOV02,ECO01,5.148,10.278,0.753,72.2,0.438,0.872,0.603,0.333,10753532.0,7515962.5,69.89296632957432
G0055,14,GOV02,ECO01,5.409,10.299,0.794,72.4,0.564,0.86,0.666,0.255,10730846.0,7751788.5,72.23837244519211
G0055,15,GOV02,ECO01,5.952,10.319,0.891,72.6,0.614,0.848,0.668,0.236,10718581.0,8110879.5,75.67120591802217
G0055,16,GOV02,ECO01,5.788,10.215,0.779,72.8,0.565,0.764,0.684,0.322,10699370.0,8357903.5,78.11584700781448
G0056,2,GOV06,ECO02,5.901,8.85,0.83,60.74,0.663,0.706,0.818,0.287,13367455.0,868884.56,6.499999887787166
G0056,3,GOV02,ECO02,6.33,8.891,0.866,61.08,0.628,0.81,0.819,0.224,13652042.0,996599.06,7.299999956050531
G0056,4,GOV02,ECO02,6.414,8.904,0.866,61.42,0.63,0.796,0.834,0.234,13935172.0,1156619.2,8.299999454617424
G0056,5,GOV02,ECO02,6.452,8.891,0.834,61.76,0.643,0.755,0.829,0.24,14215614.0,1322052.1,9.299999985930963
G0056,6,GOV02,ECO02,6.29,8.901,0.859,62.1,0.696,0.795,0.85,0.236,14500118.0,1522512.4,10.500000068964956
G0056,7,GOV01,ECO02,5.743,8.923,0.768,62.46,0.763,0.863,0.844,0.289,14792123.0,1819431.1,12.29999980394971
G0056,8,GOV01,ECO02,5.856,8.935,0.802,62.82,0.865,0.821,0.863,0.349,15089639.0,2414342.2,15.99999973491745
G0056,9,GOV01,ECO02,5.985,8.953,0.83,63.18,0.884,0.817,0.867,0.333,15387339.0,3031306.0,19.700001410250337
G0056,10,GOV01,ECO02,6.536,8.98,0.834,63.54,0.843,0.804,0.835,0.305,15681725.0,3669523.5,23.399999043472576
G0056,11,GOV01,ECO02,6.465,9.003,0.823,63.9,0.869,0.822,0.851,0.311,15971745.0,4600811.5,28.805941367082934
G0056,12,GOV01,ECO02,6.359,9.013,0.811,64.2,0.863,0.812,0.846,0.321,16268761.0,5614240.0,34.50932741589848
G0056,13,GOV01,ECO02,6.325,9.026,0.826,64.5,0.915,0.8,0.846,0.308,16567363.0,6279031.0,37.9000025532126
G0056,14,GOV01,ECO02,6.627,9.042,0.841,64.8,0.91,0.765,0.871,0.262,16845688.0,6990960.5,41.49999988127526
G0056,15,GOV01,ECO02,6.262,9.064,0.774,65.1,0.901,0.773,0.859,0.311,17103803.0,7594268.0,44.40104928710884
G0057,7,GOV05,ECO02,4.045,7.567,0.598,50.22,0.797,0.743,0.701,0.26,10656812.0,213136.23,1.9999999061633067
G0057,8,GOV02,ECO02,3.652,7.603,0.542,50.44,0.646,0.794,0.677,0.285,10921580.0,338568.97,3.099999908438156
G0057,9,GOV02,ECO02,3.902,7.619,0.567,50.66,0.693,0.815,0.6,0.348,11191874.0,503634.34,4.500000089350541
G0057,10,GOV06,ECO02,3.412,7.632,0.638,50.88,0.684,0.705,0.629,0.351,11472921.0,734266.94,6.3999999651352955
G0057,11,GOV02,ECO02,3.505,7.645,0.579,51.1,0.666,0.762,0.667,0.268,11767077.0,1082571.0,9.199999286143875
G0057,12,GOV02,ECO02,3.603,7.721,0.675,52.2,0.726,0.803,0.687,0.374,12073031.0,1581567.1,13.100000323034042
G0057,13,GOV02,ECO02,4.874,7.792,0.634,53.3,0.738,0.75,0.704,0.422,12385668.0,2316120.0,18.700000678203228
G0057,14,GOV02,ECO02,5.252,7.823,0.63,54.4,0.731,0.778,0.744,0.44,12704776.0,2773455.5,21.83002281976479
G0057,15,GOV02,ECO02,4.768,7.849,0.655,55.5,0.691,0.756,0.685,0.473,13034349.0,3045640.0,23.36626094636564
G0058,3,GOV02,ECO02,5.993,8.773,0.849,57.26,0.694,0.836,0.768,0.296,756874.0,104448.62,13.8000010569791
G0059,2,GOV02,ECO02,3.754,7.407,0.694,48.46,0.449,0.854,0.613,0.332,9216569.0,626358.06,6.796000333746756
G0059,4,GOV02,ECO02,3.846,7.417,0.679,40.38,0.465,0.812,0.608,0.256,9530782.0,724339.44,7.600000083938547
G0059,6,GOV02,ECO02,3.766,7.384,0.554,32.3,0.373,0.848,0.555,0.293,9803299.0,820536.1,8.369999731722963
G0059,7,GOV06,ECO02,4.845,7.423,0.567,36.86,0.413,0.682,0.625,0.245,9914904.0,892341.4,9.000000403433054
G0059,8,GOV06,ECO02,4.413,7.437,0.749,41.42,0.482,0.717,0.593,0.284,10069770.0,986837.5,9.800000397228537
G0059,9,GOV06,ECO02,4.622,7.464,0.648,45.98,0.61,0.669,0.538,0.327,10222365.0,1083570.8,10.600001076071926
G0059,10,GOV06,ECO02,3.889,7.477,0.554,50.54,0.509,0.708,0.593,0.327,10373241.0,1182549.4,11.39999928662604
G0059,11,GOV02,ECO02,3.57,7.476,0.564,55.1,0.398,0.777,0.619,0.333,10523249.0,1494301.4,14.20000039911628
G0059,12,GOV02,ECO02,3.352,7.477,0.584,55.3,0.304,0.839,0.553,0.367,10671462.0,2433093.2,22.799998725572937
G0059,13,GOV06,ECO02,3.824,7.475,0.647,55.5,0.484,0.647,0.573,0.322,10817759.0,2942430.5,27.200000480691056
G0059,14,GOV06,ECO02,3.615,7.477,0.538,55.7,0.591,0.72,0.584,0.359,10962373.0,3559880.2,32.47362774464981
G0060,2,GOV02,ECO02,5.397,8.462,0.933,64.54,0.65,0.844,0.858,0.155,7656832.0,597232.94,7.800000574650194
G0060,3,GOV02,ECO02,5.097,8.5,0.819,64.78,0.676,0.826,0.759,0.199,7834806.0,736471.75,9.399999821310189
G0060,4,GOV02,ECO02,5.42,8.52,0.828,65.02,0.687,0.863,0.789,0.206,8012590.0,769208.7,9.600000748821541
G0060,5,GOV02,ECO02,6.033,8.474,0.824,65.26,0.661,0.857,0.803,0.261,8189904.0,802610.6,9.800000097681243
G0060,6,GOV02,ECO02,5.866,8.49,0.803,65.5,0.646,0.82,0.797,0.26,8365881.0,927776.2,11.089999965335391
G0060,7,GOV01,ECO02,4.961,8.508,0.766,65.72,0.783,0.884,0.816,0.307,8540587.0,1357953.2,15.89999844272999
G0060,8,GOV02,ECO02,4.602,8.53,0.779,65.94,0.7,0.871,0.847,0.294,8715081.0,1579172.8,18.120001409051735
G0060,9,GOV02,ECO02,4.713,8.54,0.792,66.16,0.698,0.868,0.817,0.283,8889276.0,1582291.0,17.799998560062708
G0060,10,GOV02,ECO02,5.056,8.552,0.79,66.38,0.696,0.834,0.82,0.299,9063127.0,2084519.2,22.999999889662806
G0060,11,GOV02,ECO02,4.845,8.572,0.772,66.6,0.534,0.848,0.863,0.311,9237306.0,2503310.0,27.10000080109937
G0060,12,GOV01,ECO02,5.648,8.593,0.774,66.8,0.85,0.793,0.832,0.297,9412380.0,2779308.0,29.52821709280756
G0060,13,GOV01,ECO02,6.02,8.624,0.843,67.0,0.898,0.783,0.842,0.248,9588144.0,3042873.5,31.735792662271237
G0060,14,GOV01,ECO02,5.908,8.643,0.827,67.2,0.872,0.804,0.872,0.287,9765209.0,3519387.2,36.04006017689944
G0060,15,GOV01,ECO02,5.93,8.653,0.797,67.4,0.846,0.815,0.85,0.279,9943637.0,3916634.8,39.388352571599306
G0061,2,GOV03,ECO01,5.511,10.746,0.812,,0.91,0.356,0.723,0.236,6931089.0,4214102.0,60.79999838409231
G0061,4,GOV03,ECO01,5.137,10.816,0.84,,0.922,0.274,0.719,0.237,7020689.0,4682799.5,66.69999910265217
G0061,5,GOV03,ECO01,5.397,10.788,0.835,,0.918,0.272,0.762,0.21,7064464.0,4902738.0,69.39999977351431
G0061,6,GOV03,ECO01,5.643,10.847,0.857,,0.89,0.256,0.71,0.183,7101614.0,5113162.0,71.99999887349551
G0061,7,GOV03,ECO01,5.474,10.887,0.846,,0.894,0.245,0.734,0.196,7142969.0,5157223.5,72.19999834802587
G0061,8,GOV03,ECO01,5.484,10.893,0.826,,0.88,0.38,0.715,0.183,7201059.0,5249572.0,72.89999984724469
G0061,10,GOV03,ECO01,5.458,10.94,0.834,,0.843,0.423,0.684,0.243,7319502.0,5845813.5,79.86627368911164
G0061,12,GOV03,ECO01,5.498,10.97,0.832,,0.8,0.403,0.664,0.213,7408006.0,6480480.5,87.47941753826873
G0061,13,GOV03,ECO01,5.362,11.0,0.831,,0.831,0.416,0.64,0.201,7444889.0,6656918.0,89.41594696710723
G0061,15,GOV04,ECO01,5.659,11.0,0.856,,0.727,0.432,0.599,0.358,7485817.0,6867743.0,91.74339955144508
G0061,16,GOV04,ECO00,5.295,,0.813,,0.705,0.38,0.609,0.21,7490240.0,6921966.0,92.41314029991028
G0062,1,GOV02,ECO01,5.194,10.108,0.93,64.6,0.697,0.903,0.675,0.29,10065703.0,3922604.5,38.970000406330286
G0062,3,GOV02,ECO01,4.954,10.153,0.931,65.0,0.538,0.895,0.701,0.23,10034084.0,5348166.5,53.29999728923936
G0062,5,GOV02,ECO01,4.895,10.097,0.901,65.4,0.464,0.915,0.664,0.228,10001381.0,6200856.0,61.99999780030378
G0062,6,GOV02,ECO01,4.725,10.106,0.896,65.6,0.514,0.983,0.656,0.235,9979128.0,6486433.0,64.99999799581687
G0062,7,GOV02,ECO01,4.918,10.127,0.894,65.76,0.631,0.94,0.642,0.305,9946675.0,6765727.0,68.01998657842948
G0062,8,GOV02,ECO01,4.683,10.117,0.906,65.92,0.569,0.93,0.652,0.315,9916621.0,6999151.5,70.58000401548068
G0062,9,GOV02,ECO01,4.914,10.14,0.877,66.08,0.674,0.912,0.706,0.307,9889344.0,7184005.0,72.64389832126378
G0062,10,GOV02,ECO01,5.181,10.183,0.845,66.24,0.494,0.855,0.651,0.238,9862843.0,7461556.0,75.65319654789192
G0062,11,GOV02,ECO01,5.344,10.223,0.859,66.4,0.558,0.908,0.707,0.245,9839211.0,7166363.5,72.83473746014798
G0062,12,GOV02,ECO01,5.449,10.248,0.9,66.8,0.554,0.924,0.666,0.243,9810529.0,7775768.0,79.2594160824559
G0062,13,GOV02,ECO01,6.065,10.293,0.877,67.2,0.661,0.886,0.735,0.181,9785608.0,7510508.0,76.75055040013865
G0062,14,GOV02,ECO01,5.936,10.344,0.941,67.6,0.693,0.911,0.676,0.201,9774395.0,7435809.0,76.0743657280067
G0062,15,GOV01,ECO01,6.0,10.393,0.947,68.0,0.798,0.884,0.743,0.18,9770346.0,7852593.0,80.37169819779156
G0062,16,GOV01,ECO01,6.038,10.335,0.943,68.4,0.771,0.836,0.735,0.24,9749459.0,8264728.5,84.7711498658541
G0063,4,GOV05,ECO01,6.888,10.861,0.977,72.32,0.885,0.708,0.88,0.153,317519.0,288942.28,90.99999685058218
G0063,8,GOV01,ECO01,7.591,10.777,0.979,72.76,0.905,0.759,0.9,0.157,320851.0,308690.1,96.20979831759912
G0063,9,GOV05,ECO01,7.501,10.809,0.967,72.84,0.923,0.713,0.87,0.156,323891.0,312706.4,96.54680123868833
G0063,11,GOV05,ECO01,7.498,10.854,0.98,73.0,0.94,0.639,0.849,0.18,330962.0,325004.7,98.20000483439186
G0063,12,GOV05,ECO01,7.51,10.904,0.985,73.0,0.952,0.719,0.874,0.158,335571.0,329665.0,98.24001478077665
G0063,13,GOV05,ECO01,7.476,10.925,0.967,73.0,0.939,0.727,0.895,0.148,343537.0,337542.97,98.25520104093592
G0063,15,GOV05,ECO01,7.533,10.931,0.982,73.0,0.959,0.699,0.836,0.178,360709.0,358923.28,99.50494165657081
G0063,16,GOV05,ECO01,7.575,10.824,0.983,73.0,0.949,0.644,0.863,0.172,366626.0,364912.94,99.53274999590863
G0064,2,GOV01,ECO02,5.348,8.145,0.707,55.72,0.774,0.855,0.687,0.199,1172878888.0,32905114.0,2.805499726924917
G0064,3,GOV02,ECO02,5.027,8.204,0.569,56.14,0.729,0.862,0.668,0.253,1190676028.0,47031704.0,3.950000075083396
G0064,4,GOV01,ECO02,5.146,8.22,0.684,56.56,0.756,0.891,0.674,0.259,1207930960.0,52907376.0,4.379999996026263
G0064,5,GOV02,ECO02,4.522,8.281,0.653,56.98,0.679,0.895,0.771,0.301,1225524764.0,62746868.0,5.120000006788929
G0064,6,GOV01,ECO02,4.989,8.349,0.605,57.4,0.783,0.863,0.697,0.267,1243481565.0,93261120.0,7.500000211100837
G0064,7,GOV01,ECO02,4.635,8.387,0.553,57.7,0.838,0.908,0.648,0.232,1261224956.0,127005350.0,10.069999756649281
G0064,8,GOV02,ECO02,4.72,8.428,0.511,58.0,0.609,0.83,0.629,0.295,1278674501.0,141932880.0,11.100000812481987
G0064,9,GOV02,ECO02,4.428,8.478,0.553,58.3,0.74,0.832,0.68,0.33,1295829507.0,159387020.0,12.299999277605584
G0064,10,GOV01,ECO02,4.424,8.538,0.621,58.6,0.809,0.832,0.711,0.285,1312277184.0,177157420.0,13.500000012192546
G0064,11,GOV01,ECO02,4.342,8.604,0.61,58.9,0.777,0.776,0.701,0.322,1328024494.0,197875650.0,14.900000029668128
G0064,12,GOV01,ECO02,4.179,8.673,0.614,59.3,0.82,0.765,0.695,0.346,1343944296.0,221750820.0,16.50000083039156
G0064,13,GOV01,ECO02,4.046,8.73,0.607,59.7,0.886,0.781,0.682,0.318,1359657398.0,247457660.0,18.20000099760425
G0064,14,GOV01,ECO02,3.818,8.779,0.638,60.1,0.89,0.805,0.657,0.357,1374659067.0,276049400.0,20.081299183690614
G0064,15,GOV01,ECO02,3.249,8.818,0.561,60.5,0.876,0.752,0.648,0.466,1389030307.0,410090530.0,29.523512045299096
G0064,16,GOV01,ECO02,4.225,8.703,0.617,60.9,0.906,0.78,0.752,0.383,1402617694.0,608812400.0,43.405441311935995
G0065,2,GOV02,ECO02,4.947,8.85,0.771,59.84,0.713,0.915,0.825,0.266,233951650.0,11147359.0,4.764813156906566
G0065,3,GOV02,ECO02,5.101,8.898,0.704,59.98,0.603,0.96,0.812,0.242,237062338.0,13717079.0,5.786275085163465
G0065,4,GOV02,ECO02,4.815,8.943,0.675,60.12,0.596,0.968,0.774,0.239,240157902.0,19014452.0,7.91747922581369
G0065,5,GOV01,ECO02,5.472,8.975,0.779,60.26,0.784,0.911,0.865,0.193,243220024.0,16830826.0,6.920000139462202
G0065,6,GOV02,ECO02,5.457,9.022,0.816,60.4,0.7,0.954,0.837,0.218,246305327.0,26896542.0,10.920000118389645
G0065,7,GOV01,ECO02,5.173,9.069,0.825,60.62,0.878,0.962,0.864,0.273,249470029.0,30634918.0,12.279999374193363
G0065,8,GOV01,ECO02,5.368,9.114,0.834,60.84,0.77,0.962,0.897,0.229,252698525.0,36691828.0,14.520000858730775
G0065,9,GOV01,ECO02,5.292,9.155,0.794,61.06,0.781,0.973,0.893,0.249,255852464.0,38224356.0,14.939999170772106
G0065,10,GOV02,ECO02,5.597,9.19,0.905,61.28,0.719,0.97,0.852,0.242,258877395.0,44371584.0,17.139999419416284
G0065,11,GOV01,ECO02,5.043,9.225,0.809,61.5,0.779,0.946,0.876,0.274,261799249.0,57760092.0,22.062741669667663
G0065,12,GOV01,ECO02,5.136,9.262,0.792,61.7,0.83,0.89,0.833,0.342,264627429.0,67340680.0,25.447354514410524
G0065,13,GOV01,ECO02,5.098,9.3,0.796,61.9,0.865,0.9,0.863,0.319,267346654.0,86448700.0,32.33580772624893
G0065,14,GOV01,ECO02,5.34,9.339,0.809,62.1,0.879,0.868,0.864,0.296,269951847.0,107723310.0,39.904638992894164
G0065,15,GOV01,ECO02,5.347,9.377,0.802,62.3,0.866,0.861,0.877,0.302,272489381.0,129951950.0,47.69064743847761
G0066,1,GOV06,ECO02,5.308,9.393,0.766,62.0,0.651,0.636,0.608,0.456,71828455.0,5818105.0,8.100000201869857
G0066,3,GOV02,ECO02,5.336,9.497,0.718,62.76,0.533,0.872,0.626,0.361,74602648.0,7064871.0,9.470000314197963
G0066,4,GOV02,ECO02,5.129,9.489,0.633,63.14,0.601,0.868,0.624,0.345,75514201.0,9076807.0,12.020000052705319
G0066,7,GOV05,ECO02,4.768,9.547,0.582,64.14,0.798,0.665,0.578,0.359,78383602.0,14892884.0,18.999999515204724
G0066,8,GOV05,ECO02,4.609,9.458,0.6,64.38,0.764,0.678,0.609,0.525,79370583.0,18040934.0,22.730000609923703
G0066,9,GOV06,ECO02,5.14,9.443,0.664,64.62,0.73,0.685,0.659,0.552,80414689.0,24084200.0,29.950000801470487
G0066,10,GOV05,ECO02,4.682,9.476,0.644,64.86,0.767,0.64,0.618,0.512,81502045.0,32071054.0,39.349999131923624
G0066,11,GOV05,ECO02,4.75,9.449,0.572,65.1,0.78,0.699,0.645,0.52,82619365.0,37455468.0,45.334974433657294
G0066,12,GOV05,ECO02,4.653,9.561,0.566,65.4,0.773,0.713,0.687,0.526,83812230.0,44610544.0,53.226771319651085
G0066,13,GOV06,ECO02,4.717,9.584,0.714,65.7,0.731,0.715,0.694,0.439,85026761.0,54454520.0,64.04397787186083
G0066,14,GOV06,ECO00,4.278,,0.674,66.0,0.603,0.703,0.553,0.493,86117999.0,60455320.0,70.2005628347217
G0066,15,GOV06,ECO00,5.006,,0.698,66.3,0.623,0.728,0.6,0.449,87051649.0,63069708.0,72.45090555378222
G0066,16,GOV06,ECO00,4.865,,0.757,66.6,0.6,0.71,0.582,0.47,87723448.0,66292496.0,75.56987044102507
G0067,4,GOV02,ECO02,4.59,9.063,0.744,58.32,0.386,0.91,0.525,0.448,28971042.0,289710.4,0.9999999309655484
G0067,5,GOV02,ECO02,4.775,9.076,0.862,58.96,0.431,0.854,0.523,0.404,30058207.0,318616.97,1.0599999194895422
G0067,6,GOV02,ECO02,5.065,9.112,0.854,59.6,0.419,0.859,0.542,0.431,31045367.0,776134.2,2.5000000805273133
G0067,7,GOV02,ECO02,4.725,9.152,0.751,59.36,0.347,0.78,0.488,0.557,32161425.0,1608071.2,4.999999844534252
G0067,8,GOV02,ECO02,4.66,9.246,0.73,59.12,0.315,0.789,0.423,0.449,33654843.0,2389493.8,7.099999842518949
G0067,9,GOV00,ECO02,4.725,9.28,0.728,58.88,,0.71,,0.554,35281987.0,3245942.8,9.19999998866277
G0067,10,GOV06,ECO02,4.542,9.25,0.725,58.64,0.646,0.726,0.574,0.564,36550058.0,4828262.5,13.209999557319444
G0067,11,GOV02,ECO02,4.493,9.241,0.684,58.4,0.599,0.762,0.49,0.581,37560535.0,5709201.0,15.199999148041954
G0067,12,GOV02,ECO02,4.413,9.354,0.719,59.0,0.666,0.799,0.489,0.57,38469628.0,7655456.0,19.900000072784692
G0067,13,GOV02,ECO02,4.462,9.303,0.695,59.6,0.628,0.757,0.505,0.591,39337358.0,10227713.0,25.999999796630977
G0067,14,GOV02,ECO02,4.886,9.274,0.764,60.2,0.598,0.887,0.605,0.482,40265629.0,13650049.0,33.900001909817426
G0067,16,GOV02,ECO02,4.785,9.167,0.708,61.4,0.7,0.849,0.644,0.532,42116602.0,19283662.0,45.786367095807016
G0068,2,GOV03,ECO01,7.144,10.972,0.967,70.14,0.943,0.473,0.878,0.209,4268775.0,2340142.5,54.820001054166596
G0068,4,GOV03,ECO01,7.568,10.929,0.983,70.82,0.894,0.487,0.875,0.148,4485992.0,2931147.0,65.33999614800918
G0068,5,GOV05,ECO01,7.046,10.866,0.959,71.16,0.835,0.58,0.862,0.233,4533750.0,3054840.8,67.38000110283981
G0068,6,GOV05,ECO01,7.257,10.879,0.973,71.5,0.856,0.618,0.876,0.201,4559084.0,3184520.0,69.84999618344386
G0068,7,GOV05,ECO01,7.007,10.878,0.977,71.6,0.952,0.59,0.865,0.19,4579603.0,3429663.5,74.8899740872735
G0068,8,GOV05,ECO01,6.965,10.876,0.962,71.7,0.902,0.573,0.835,0.237,4600135.0,3538423.5,76.91999256543558
G0068,9,GOV05,ECO01,6.76,10.884,0.955,71.8,0.884,0.558,0.814,0.245,4624686.0,3618710.5,78.24770157368522
G0068,10,GOV03,ECO01,7.018,10.959,0.968,71.9,0.922,0.406,0.784,0.229,4658236.0,3889241.5,83.49172304709336
G0068,11,GOV03,ECO01,6.83,11.174,0.953,72.0,0.892,0.409,0.799,0.225,4702497.0,3926340.0,83.49479010831905
G0068,12,GOV03,ECO01,7.041,11.199,0.958,72.1,0.875,0.399,0.809,0.211,4753506.0,3969177.5,83.49999978962896
G0068,13,GOV03,ECO01,7.06,11.266,0.943,72.2,0.905,0.337,0.833,0.213,4810258.0,4046100.8,84.11400802202293
G0068,14,GOV03,ECO01,6.962,11.332,0.938,72.3,0.861,0.362,0.811,0.213,4872559.0,4239133.0,87.00013688905563
G0068,15,GOV03,ECO01,7.255,11.371,0.944,72.4,0.892,0.373,0.807,0.223,4933493.0,4292141.5,87.0000524983009
G0068,16,GOV03,ECO01,7.035,11.323,0.96,72.5,0.882,0.356,0.797,0.246,4982602.0,4583988.5,91.99989282708111
G0069,2,GOV01,ECO01,7.173,10.389,0.927,71.12,0.817,0.905,0.696,0.308,6844029.0,1908188.9,27.88107560619629
G0069,3,GOV02,ECO01,6.841,10.428,0.868,71.44,0.683,0.868,0.696,0.32,6962456.0,3350895.2,48.12806285598071
G0069,4,GOV02,ECO01,7.261,10.44,0.859,71.76,0.663,0.898,0.71,0.349,7082621.0,4206368.5,59.38999842007641
G0069,5,GOV02,ECO01,7.353,10.425,0.937,72.08,0.593,0.923,0.695,0.327,7206096.0,4548487.5,63.1199959034684
G0069,6,GOV02,ECO01,7.359,10.461,0.882,72.4,0.561,0.902,0.679,0.362,7336735.0,4952296.0,67.49999829624485
G0069,7,GOV02,ECO01,7.433,10.489,0.893,72.46,0.722,0.891,0.738,0.384,7471023.0,5145583.5,68.87388112712276
G0069,8,GOV02,ECO01,7.111,10.493,0.903,72.52,0.681,0.862,0.665,0.319,7607781.0,5386309.0,70.80000068351073
G0069,9,GOV02,ECO01,7.321,10.515,0.909,72.58,0.739,0.849,0.698,0.409,7749369.0,5443956.0,70.25031328357186
G0069,10,GOV02,ECO01,7.401,10.533,0.889,72.64,0.707,0.818,0.604,0.271,7897173.0,5924282.0,75.01775635407759
G0069,11,GOV01,ECO01,7.079,10.536,0.864,72.7,0.753,0.789,0.697,0.256,8052916.0,6229098.5,77.35208587796023
G0069,12,GOV01,ECO01,7.159,10.555,0.89,72.9,0.772,0.804,0.629,0.263,8210006.0,6539526.0,79.65312083815773
G0069,13,GOV01,ECO01,7.331,10.57,0.916,73.1,0.768,0.793,0.674,0.276,8361796.0,6821652.0,81.58118184179571
G0069,14,GOV02,ECO01,6.927,10.585,0.91,73.3,0.725,0.77,0.663,0.282,8510067.0,7125747.5,83.73315392228992
G0069,15,GOV05,ECO01,7.332,10.601,0.946,73.5,0.834,0.743,0.635,0.266,8657466.0,7513631.0,86.78787765380771
G0069,16,GOV05,ECO01,7.195,10.538,0.959,73.7,0.831,0.748,0.621,0.243,8800380.0,7931548.5,90.12734109208921
G0070,1,GOV01,ECO01,6.854,10.703,0.928,71.9,0.802,0.944,0.679,0.295,58519696.0,20481894.0,35.00000068353055
G0070,3,GOV02,ECO01,6.574,10.727,0.912,72.26,0.684,0.922,0.716,0.303,59108723.0,24110448.0,40.7899998110262
G0070,4,GOV02,ECO01,6.78,10.711,0.88,72.44,0.543,0.946,0.637,0.268,59561687.0,26522818.0,44.52999794985659
G0070,5,GOV02,ECO01,6.334,10.652,0.88,72.62,0.701,0.89,0.775,0.279,59904016.0,29251132.0,48.830001647969645
G0070,6,GOV02,ECO01,6.354,10.666,0.872,72.8,0.738,0.921,0.596,0.236,60164212.0,32296150.0,53.680001659458284
G0070,7,GOV02,ECO01,6.057,10.671,0.913,72.84,0.568,0.933,0.658,0.266,60367882.0,32834090.0,54.389998310691105
G0070,8,GOV02,ECO01,5.839,10.638,0.869,72.88,0.57,0.908,0.67,0.388,60531522.0,33794748.0,55.82999878972149
G0070,9,GOV02,ECO01,6.009,10.608,0.916,72.92,0.499,0.943,0.779,0.357,60653864.0,35457824.0,58.459299476781894
G0070,10,GOV02,ECO01,6.027,10.599,0.898,72.96,0.624,0.92,0.716,0.356,60664169.0,33752612.0,55.6384642802904
G0070,11,GOV02,ECO01,5.848,10.608,0.909,73.0,0.575,0.913,0.692,0.329,60575314.0,35219540.0,58.14173740808013
G0070,12,GOV02,ECO01,5.955,10.622,0.927,73.2,0.624,0.903,0.685,0.339,60478103.0,37087744.0,61.32425152290243
G0070,13,GOV02,ECO01,6.199,10.64,0.92,73.4,0.633,0.867,0.661,0.323,60390317.0,38092610.0,63.07734731712039
G0070,14,GOV02,ECO01,6.517,10.65,0.913,73.6,0.65,0.888,0.649,0.403,60277496.0,44838732.0,74.38718423207229
G0070,15,GOV02,ECO01,6.445,10.655,0.838,73.8,0.709,0.866,0.631,0.328,60130136.0,40798724.0,67.85070966744529
G0070,16,GOV02,ECO01,6.488,10.563,0.89,74.0,0.718,0.844,0.67,0.311,59912763.0,42228570.0,70.48342938215018
G0071,5,GOV01,ECO02,4.197,8.209,0.667,45.78,0.76,0.902,0.604,0.186,21997936.0,439958.72,2.0
G0071,9,GOV06,ECO02,3.739,8.274,0.709,47.1,0.739,0.691,0.743,0.306,23939775.0,1580025.1,6.599999791142565
G0071,10,GOV05,ECO02,3.57,8.334,0.711,47.4,0.781,0.671,0.647,0.291,24527393.0,2452739.2,9.999999592292586
G0071,11,GOV05,ECO02,4.445,8.393,0.704,47.7,0.8,0.744,0.664,0.347,25246347.0,4216140.0,16.700000202009424
G0071,12,GOV01,ECO02,4.543,8.437,0.617,48.3,0.769,0.757,0.704,0.378,25989404.0,10709665.0,41.20781299948241
G0071,13,GOV02,ECO02,5.038,8.483,0.661,48.9,0.732,0.771,0.698,0.357,26733376.0,11719891.0,43.839921302868746
G0071,14,GOV02,ECO02,5.268,8.523,0.621,49.5,0.713,0.791,0.682,0.386,27464175.0,10311846.0,37.54653471294878
G0071,15,GOV02,ECO02,5.392,8.564,0.679,50.1,0.736,0.799,0.674,0.425,28193014.0,10230950.0,36.28895441970128
G0071,16,GOV01,ECO02,5.257,8.565,0.613,50.7,0.77,0.777,0.693,0.34,28915452.0,11963365.0,41.37360536504842
G0072,2,GOV02,ECO02,6.208,9.225,0.909,64.9,0.738,0.946,0.788,0.201,2700973.0,442959.56,16.399999555715663
G0072,7,GOV01,ECO02,5.374,9.164,0.855,66.22,0.796,0.909,0.836,0.237,2760493.0,1033490.3,37.438613320156946
G0072,9,GOV01,ECO02,5.709,9.151,0.865,66.46,0.793,0.931,0.734,0.312,2783689.0,1032748.56,37.09999788051036
G0072,10,GOV01,ECO02,5.311,9.152,0.874,66.58,0.809,0.861,0.737,0.31,2793756.0,1128753.9,40.40273739009419
G0072,13,GOV01,ECO02,5.89,9.169,0.913,67.1,0.861,0.883,0.769,0.243,2815765.0,1550700.0,55.072067448810536
G0072,15,GOV01,ECO02,6.309,9.186,0.878,67.5,0.891,0.885,0.752,0.195,2823275.0,2000036.8,70.84101973771595
G0073,1,GOV05,ECO01,6.516,10.529,0.928,73.2,0.868,0.699,0.739,0.153,127913331.0,85600970.0,66.92107017367877
G0073,3,GOV01,ECO01,6.238,10.558,0.938,73.44,0.796,0.809,0.731,0.207,128087683.0,95169150.0,74.30000119527496
G0073,4,GOV01,ECO01,5.911,10.546,0.887,73.56,0.772,0.816,0.78,0.191,128155992.0,96629620.0,75.4000015855677
G0073,5,GOV06,ECO01,5.845,10.491,0.888,73.68,0.73,0.74,0.785,0.169,128192471.0,99990130.0,78.00000204380177
G0073,6,GOV01,ECO01,6.057,10.532,0.902,73.8,0.772,0.77,0.827,0.188,128185273.0,100253704.0,78.21000154986604
G0073,7,GOV05,ECO01,6.263,10.532,0.917,73.98,0.814,0.734,0.776,0.181,128096430.0,101265496.0,79.05411259314565
G0073,8,GOV05,ECO01,5.968,10.549,0.905,74.16,0.753,0.692,0.777,0.171,127928283.0,101698376.0,79.49639721186597
G0073,9,GOV05,ECO01,5.959,10.57,0.924,74.34,0.821,0.65,0.794,0.175,127723642.0,112677064.0,88.21942612629226
G0073,10,GOV05,ECO01,5.923,10.575,0.9,74.52,0.838,0.617,0.742,0.189,127486601.0,113599270.0,89.10683092100008
G0073,11,GOV05,ECO01,5.88,10.588,0.923,74.7,0.832,0.654,0.768,0.176,127275868.0,115894900.0,91.05803151937648
G0073,12,GOV05,ECO01,5.955,10.595,0.9,74.8,0.836,0.698,0.76,0.192,127159950.0,118491100.0,93.18271987367092
G0073,13,GOV05,ECO01,5.911,10.618,0.882,74.9,0.849,0.659,0.74,0.176,127064686.0,116552050.0,91.72654784666135
G0073,14,GOV05,ECO01,5.794,10.623,0.886,75.0,0.773,0.687,0.703,0.185,126913432.0,112631040.0,88.74635113484284
G0073,15,GOV05,ECO01,5.908,10.632,0.878,75.1,0.806,0.617,0.743,0.194,126699421.0,117488880.0,92.73040008604302
G0073,16,GOV05,ECO01,6.118,10.58,0.887,75.2,0.806,0.609,0.742,0.186,126304533.0,113951260.0,90.21945396053204
G0074,1,GOV00,ECO02,6.295,9.246,0.92,63.5,,0.67,0.696,0.24,6029597.0,779798.8,12.932851067824268
G0074,3,GOV06,ECO02,5.598,9.321,0.841,63.98,0.646,0.664,0.683,0.24,6827235.0,1365447.0,20.0
G0074,4,GOV00,ECO02,4.93,9.343,0.766,64.22,,0.709,0.669,0.331,6989874.0,1607671.0,22.99999971387181
G0074,5,GOV05,ECO02,6.0,9.347,0.899,64.46,0.771,0.739,0.645,0.265,7141763.0,1856858.4,26.000000280042897
G0074,6,GOV00,ECO02,5.57,9.317,0.918,64.7,0.788,,0.643,0.343,7297046.0,1984796.6,27.200001205967457
G0074,7,GOV00,ECO02,5.539,9.289,0.878,65.0,0.76,,0.612,0.26,7480431.0,2610670.5,34.900001082825305
G0074,8,GOV00,ECO02,5.132,9.261,0.829,65.3,0.693,,0.565,0.345,7587133.0,2807239.2,36.99999986819791
G0074,9,GOV00,ECO02,5.172,9.237,0.84,65.6,0.692,,0.684,0.286,7991812.0,3308610.2,41.40000040040982
G0074,10,GOV00,ECO02,5.333,9.222,0.816,65.9,0.729,,0.66,0.313,8791715.0,4061772.5,46.20000193363866
G0074,11,GOV00,ECO02,5.405,9.207,0.83,66.2,0.767,,0.69,0.305,9544730.0,5175152.5,54.219998889439516
G0074,12,GOV00,ECO02,5.271,9.197,0.82,66.4,0.771,,0.641,0.312,10006369.0,5618576.5,56.15000306304914
G0074,13,GOV00,ECO02,4.808,9.194,0.815,66.6,0.766,,0.628,0.392,10234227.0,6601076.5,64.50000083054636
G0074,14,GOV00,ECO02,4.639,9.196,0.8,66.8,0.762,,,,10462310.0,6821426.0,65.19999885302576
G0074,15,GOV00,ECO02,4.453,9.201,0.793,67.0,0.726,,,,10671893.0,7479361.0,70.08467007680831
G0074,16,GOV00,ECO02,4.094,9.15,0.709,67.2,0.779,,,,10865232.0,8197567.0,75.44769407592953
G0075,2,GOV02,ECO01,5.476,9.804,0.872,58.2,0.731,0.865,0.669,0.185,16103718.0,526328.94,3.2683690809786903
G0075,3,GOV01,ECO01,5.719,9.878,0.861,58.7,0.806,0.865,0.651,0.179,16257212.0,653539.94,4.020000108259644
G0075,4,GOV02,ECO01,5.886,9.898,0.839,59.2,0.727,0.899,0.675,0.16,16426527.0,1806918.0,11.000000182631423
G0075,5,GOV01,ECO01,5.383,9.884,0.893,59.7,0.856,0.845,0.679,0.129,16619851.0,3024813.0,18.20000070999433
G0075,6,GOV01,ECO01,5.514,9.94,0.904,60.2,0.785,0.823,0.692,0.149,16836808.0,5320431.5,31.60000102157131
G0075,7,GOV01,ECO01,5.736,9.997,0.905,60.72,0.878,0.802,0.695,0.154,17065996.0,8635394.0,50.60000014063053
G0075,8,GOV01,ECO01,5.759,10.03,0.892,61.24,0.84,0.877,0.74,0.184,17306115.0,10713632.0,61.906626646130576
G0075,9,GOV01,ECO01,5.835,10.074,0.889,61.76,0.782,0.82,0.674,0.164,17556502.0,11114008.0,63.30422768726937
G0075,10,GOV01,ECO01,5.97,10.101,0.795,62.28,0.799,0.805,0.718,0.169,17816285.0,11758748.0,65.99999943871576
G0075,11,GOV06,ECO01,5.95,10.098,0.931,62.8,0.74,0.714,0.73,0.174,18084175.0,12809009.0,70.82993280036276
G0075,12,GOV05,ECO01,5.534,10.095,0.928,63.4,0.783,0.702,0.702,0.155,18363600.0,13696991.0,74.58772245093554
G0075,13,GOV02,ECO01,5.882,10.121,0.914,64.0,0.745,0.755,0.757,0.171,18651931.0,14255065.0,76.42675173953839
G0075,14,GOV01,ECO01,6.008,10.148,0.937,64.6,0.84,0.824,0.693,0.162,18932725.0,14938661.0,78.90391372610124
G0075,15,GOV05,ECO01,6.272,10.179,0.951,65.2,0.852,0.708,0.787,0.139,19209556.0,15728327.0,81.87761861856671
G0075,16,GOV05,ECO01,6.168,10.135,0.966,65.8,0.872,0.661,0.684,0.15,19482116.0,16743436.0,85.94259473662922
G0076,2,GOV02,ECO02,4.223,8.039,0.909,50.22,0.616,0.86,0.705,0.198,36904010.0,1328544.4,3.6000001083893047
G0076,3,GOV01,ECO02,4.576,8.078,0.841,51.54,0.75,0.799,0.725,0.162,38036354.0,1673599.6,4.40000006309753
G0076,4,GOV02,ECO02,4.015,8.052,0.827,52.86,0.62,0.909,0.772,0.149,39206349.0,2038730.1,5.19999987757085
G0076,5,GOV02,ECO02,4.27,8.057,0.789,54.18,0.584,0.913,0.772,0.183,40408887.0,2464942.0,6.0999997352067625
G0076,6,GOV02,ECO02,4.256,8.111,0.805,55.5,0.635,0.918,0.819,0.123,41598570.0,2995097.0,7.199999903842849
G0076,7,GOV02,ECO02,4.405,8.143,0.846,56.06,0.709,0.923,0.76,0.228,42758467.0,3762745.2,8.80000024322668
G0076,8,GOV02,ECO02,4.547,8.161,0.831,56.62,0.628,0.911,0.707,0.194,43888306.0,4608272.0,10.499999703793534
G0076,9,GOV02,ECO02,3.795,8.192,0.825,57.18,0.708,0.861,0.765,0.161,44986794.0,5848283.0,12.999999510967596
G0076,10,GOV01,ECO02,4.905,8.219,0.765,57.74,0.819,0.849,0.814,0.221,46051441.0,7598488.0,16.500000510298907
G0076,11,GOV01,ECO02,4.358,8.249,0.777,58.3,0.793,0.853,0.702,0.172,47088528.0,7810976.5,16.58785447699703
G0076,12,GOV02,ECO02,4.396,8.282,0.706,58.9,0.749,0.828,0.743,0.226,48139683.0,7991187.5,16.600000253429172
G0076,13,GOV01,ECO02,4.476,8.306,0.715,59.5,0.853,0.854,0.788,0.23,49197757.0,8770534.0,17.827101345291005
G0076,14,GOV01,ECO02,4.656,8.344,0.707,60.1,0.821,0.844,0.759,0.237,50207109.0,9790386.0,19.499999492103797
G0076,15,GOV01,ECO02,4.619,8.373,0.676,60.7,0.818,0.794,0.751,0.251,51202829.0,11607053.0,22.668772852375014
G0076,16,GOV02,ECO02,4.547,8.365,0.674,61.3,0.702,0.837,0.733,0.297,52217327.0,13332619.0,25.53294043565271
G0077,3,GOV02,ECO02,5.104,8.928,0.848,,0.381,0.894,0.655,0.237,1807098.0,,
G0077,4,GOV00,ECO02,5.522,8.981,0.884,,,0.849,,0.318,1800861.0,,
G0077,5,GOV02,ECO02,5.891,9.008,0.83,,0.506,0.968,0.598,0.169,1794688.0,,
G0077,6,GOV02,ECO02,5.177,9.033,0.708,,0.451,0.967,0.695,0.118,1788756.0,,
G0077,7,GOV02,ECO02,4.86,9.067,0.759,,0.589,0.919,0.696,0.124,1791949.0,,
G0077,8,GOV02,ECO02,5.64,9.086,0.757,,0.636,0.95,0.596,0.1,1806538.0,,
G0077,9,GOV02,ECO02,6.126,9.113,0.721,,0.568,0.935,0.692,0.203,1817171.0,,
G0077,10,GOV02,ECO02,5.0,9.129,0.706,,0.441,0.775,0.636,0.206,1808983.0,,
G0077,11,GOV02,ECO02,5.077,9.182,0.805,,0.561,0.851,0.753,0.18,1779019.0,,
G0077,12,GOV01,ECO02,5.759,9.228,0.824,,0.827,0.941,0.704,0.15,1761765.0,,
G0077,13,GOV01,ECO02,6.149,9.262,0.792,,0.858,0.925,0.738,0.186,1768125.0,,
G0077,14,GOV01,ECO02,6.392,9.296,0.822,,0.89,0.922,0.778,0.17,1767748.0,,
G0077,15,GOV01,ECO02,6.425,9.339,0.843,,0.841,0.92,0.749,0.141,1755048.0,,
G0077,16,GOV01,ECO00,6.294,,0.792,,0.88,0.91,0.726,0.201,1751413.0,,
G0078,2,GOV03,ECO01,6.076,11.228,0.919,63.96,0.769,0.328,0.846,0.182,2364741.0,680837.25,28.79119742923221
G0078,5,GOV05,ECO01,6.585,11.065,0.926,64.44,0.819,0.675,0.718,0.252,2795489.0,1420108.4,50.799999570737
G0078,6,GOV04,ECO01,6.798,10.982,0.893,64.6,0.703,0.486,0.718,0.203,2943374.0,1807231.6,61.39999877691384
G0078,7,GOV05,ECO01,6.378,11.017,0.882,64.9,0.769,0.56,0.793,0.177,3132815.0,2060423.4,65.76907350098872
G0078,8,GOV00,ECO01,6.221,11.025,0.889,65.2,0.934,,0.821,0.095,3337025.0,2350934.0,70.44999662873367
G0078,9,GOV00,ECO01,6.48,10.985,0.862,65.5,0.751,,0.752,0.283,3507755.0,2646952.0,75.46000219513621
G0078,10,GOV00,ECO01,6.18,10.945,,65.8,,,,,3665769.0,2884960.0,78.69999446228063
G0078,11,GOV00,ECO01,6.146,10.912,0.823,66.1,0.822,,0.723,0.324,3834465.0,3144261.2,81.99999739207425
G0078,12,GOV00,ECO01,5.947,10.91,0.845,66.3,0.841,,0.688,0.315,4003976.0,3427403.5,85.60000109890768
G0078,13,GOV00,ECO01,6.094,10.837,0.853,66.5,0.884,,0.692,0.307,4154686.0,4071592.0,97.99999326062186
G0078,15,GOV00,ECO01,6.106,10.817,0.842,66.9,0.867,,0.695,0.303,4442201.0,4421886.0,99.54268165713349
G0079,2,GOV02,ECO02,4.641,8.185,0.844,59.98,0.678,0.879,0.655,0.159,5282451.0,650106.3,12.306906396292177
G0079,3,GOV02,ECO02,4.698,8.258,0.833,60.26,0.684,0.929,0.655,0.13,5313376.0,745466.6,14.029999006281505
G0079,4,GOV02,ECO02,4.737,8.329,0.792,60.54,0.719,0.923,0.623,0.147,5342530.0,838777.2,15.699999812822764
G0079,5,GOV02,ECO02,5.069,8.345,0.855,60.82,0.699,0.896,0.607,0.165,5398013.0,863682.06,15.999999629493297
G0079,6,GOV02,ECO02,4.996,8.329,0.885,61.1,0.72,0.926,0.65,0.123,5491763.0,895157.3,16.299998743572875
G0079,7,GOV02,ECO02,4.921,8.374,0.891,61.52,0.748,0.932,0.681,0.151,5594537.0,979044.0,17.500000446864505
G0079,8,GOV02,ECO02,5.208,8.357,0.856,61.94,0.703,0.892,0.691,0.182,5696521.0,1127911.1,19.799998981834705
G0079,9,GOV01,ECO02,5.402,8.441,0.851,62.36,0.755,0.9,0.722,0.135,5797294.0,1333377.6,22.99999965501146
G0079,10,GOV02,ECO02,5.252,8.46,0.898,62.78,0.736,0.897,0.725,0.185,5898322.0,1669225.1,28.299999559196667
G0079,11,GOV01,ECO02,4.905,8.477,0.857,63.2,0.813,0.858,0.767,0.173,6001876.0,1815390.0,30.247042757964344
G0079,12,GOV01,ECO02,4.857,8.5,0.914,63.5,0.814,0.917,0.778,0.126,6108460.0,2473926.2,40.49999836292618
G0079,13,GOV01,ECO02,5.63,8.526,0.883,63.8,0.859,0.874,0.755,0.16,6220148.0,3159835.2,50.800000257228604
G0079,14,GOV01,ECO02,5.297,8.543,0.898,64.1,0.945,0.907,0.763,0.203,6341733.0,3621129.5,57.0999993219519
G0079,15,GOV01,ECO02,5.685,8.567,0.877,64.4,0.92,0.885,0.766,0.207,6494036.0,4162677.0,64.09999882969544
G0079,16,GOV01,ECO02,6.25,8.503,0.902,64.7,0.935,0.931,0.803,0.258,6664143.0,4798183.0,72.00000060022721
G0080,2,GOV05,ECO02,5.076,8.251,0.807,53.92,0.925,0.688,0.886,0.163,5963199.0,69763.07,1.1698933743448778
G0080,3,GOV05,ECO02,5.364,8.307,0.79,54.44,0.867,0.58,0.861,0.136,6056237.0,99322.29,1.6400000528380907
G0080,4,GOV05,ECO02,5.044,8.366,0.807,54.96,0.886,0.637,0.829,0.202,6148974.0,218288.58,3.550000048788627
G0080,7,GOV05,ECO02,4.704,8.548,0.691,56.3,0.882,0.587,0.9,0.225,6426592.0,578393.25,8.999999533189598
G0080,8,GOV00,ECO02,4.876,8.611,0.693,56.6,,,0.917,0.387,6518981.0,700638.94,10.747675748709806
G0080,13,GOV05,ECO02,4.623,8.89,0.707,58.3,0.891,0.592,0.873,0.344,7018150.0,1790360.6,25.510435086169434
G0080,14,GOV05,ECO02,4.859,8.935,0.705,58.7,0.907,0.634,0.852,0.332,7128043.0,2587479.5,36.29999847082853
G0080,15,GOV05,ECO02,5.197,8.965,0.729,59.1,0.906,0.62,0.878,0.306,7237635.0,3404023.0,47.032255702311595
G0080,16,GOV05,ECO02,5.284,8.96,0.66,59.5,0.915,0.748,0.822,0.358,7346534.0,3967128.2,53.99999782210223
G0081,2,GOV02,ECO01,4.71,10.032,0.884,63.16,0.641,0.937,0.654,0.234,2219039.0,1190070.6,53.62999929248653
G0081,3,GOV02,ECO01,4.667,10.136,0.836,63.52,0.7,0.924,0.673,0.247,2200774.0,1302197.9,59.169996555757194
G0081,4,GOV02,ECO01,5.145,10.112,0.855,63.88,0.63,0.926,0.639,0.215,2177710.0,1380885.9,63.409999494882236
G0081,5,GOV02,ECO01,4.669,9.975,0.807,64.24,0.437,0.942,0.525,0.242,2142044.0,1431742.1,66.83999488339175
G0081,7,GOV02,ECO01,4.967,10.029,0.836,64.86,0.564,0.934,0.563,0.222,2059940.0,1436807.2,69.74995388215191
G0081,8,GOV02,ECO01,5.125,10.082,0.851,65.12,0.564,0.895,0.56,0.232,2034639.0,1487726.9,73.11994412768064
G0081,9,GOV02,ECO01,5.07,10.116,0.834,65.38,0.631,0.837,0.642,0.227,2013004.0,1514471.5,75.23440092518445
G0081,10,GOV02,ECO01,5.729,10.144,0.881,65.64,0.671,0.804,0.652,0.226,1994153.0,1512166.2,75.82999900208259
G0081,11,GOV02,ECO01,5.881,10.185,0.879,65.9,0.656,0.808,0.608,0.228,1977874.0,1566487.8,79.20058608384558
G0081,12,GOV02,ECO01,5.94,10.211,0.917,66.2,0.685,0.868,0.654,0.231,1959863.0,1564795.6,79.84209100329971
G0081,13,GOV02,ECO01,5.978,10.257,0.895,66.5,0.7,0.798,0.623,0.232,1942599.0,1556295.2,80.11407398027076
G0081,14,GOV02,ECO01,5.901,10.307,0.913,66.8,0.608,0.799,0.585,0.192,1927586.0,1611021.9,83.57717372921364
G0081,15,GOV02,ECO01,5.97,10.336,0.936,67.1,0.698,0.789,0.575,0.212,1914267.0,1648862.6,86.13545550333365
G0081,16,GOV01,ECO01,6.229,10.3,0.928,67.4,0.82,0.809,0.714,0.202,1901119.0,1690056.1,88.89796483018685
G0082,1,GOV02,ECO02,5.491,9.565,0.796,64.6,0.703,0.945,0.584,0.292,4671105.0,473650.06,10.140000278306738
G0082,2,GOV02,ECO02,4.653,9.568,0.853,64.72,0.67,0.902,0.548,0.32,4751146.0,712671.9,15.0
G0082,4,GOV02,ECO01,4.595,9.743,0.717,64.96,0.524,0.927,0.527,0.365,4925359.0,1109683.4,22.53000035124343
G0082,5,GOV02,ECO01,5.206,9.83,0.736,65.08,0.665,0.937,0.528,0.401,4992295.0,1504677.6,30.139997736511965
G0082,6,GOV02,ECO01,5.032,9.878,0.721,65.2,0.678,0.949,0.525,0.341,5041290.0,2202035.5,43.68000055541339
G0082,7,GOV02,ECO01,5.188,9.838,0.733,65.28,0.657,0.911,0.578,0.32,5096018.0,2649929.2,51.99999686029367
G0082,8,GOV02,ECO01,4.573,9.8,0.713,65.36,0.621,0.856,0.499,0.339,5235742.0,3206880.8,61.24978656320346
G0082,9,GOV02,ECO01,4.983,9.772,0.708,65.44,0.655,0.921,0.499,0.409,5743441.0,4049126.0,70.5000016540607
G0082,10,GOV02,ECO01,5.233,9.739,0.759,65.52,0.657,0.939,0.559,0.267,6346993.0,4633305.0,73.00000173310417
G0082,11,GOV02,ECO02,5.172,9.699,0.742,65.6,0.597,0.889,0.568,0.243,6472470.0,4789628.0,74.00000309001047
G0082,12,GOV02,ECO02,5.271,9.687,0.828,66.1,0.657,0.853,0.553,0.263,6323061.0,4812482.0,76.1100043159476
G0082,13,GOV02,ECO02,5.154,9.681,0.777,66.6,0.605,0.911,0.515,0.244,6160129.0,4816037.0,78.18078160376187
G0082,14,GOV02,ECO02,5.167,9.656,0.829,67.1,0.607,0.907,0.464,0.271,5984120.0,4841153.0,80.89999866312841
G0082,15,GOV02,ECO02,4.024,9.597,0.866,67.6,0.447,0.89,0.322,0.494,5794601.0,4621709.0,79.75888244936968
G0083,7,GOV02,ECO02,4.898,7.777,0.824,45.74,0.618,0.768,0.793,0.17,2014015.0,140981.05,6.999999999999999
G0083,12,GOV06,ECO02,3.808,7.953,0.798,46.6,0.729,0.743,0.732,0.27,2130424.0,691404.75,32.453856603192605
G0083,13,GOV01,ECO02,3.795,7.931,0.769,47.3,0.757,0.797,0.746,0.255,2157117.0,841275.6,38.99999860925485
G0083,15,GOV02,ECO02,3.512,7.926,0.79,48.7,0.716,0.915,0.735,0.273,2209414.0,934620.44,42.301734306019604
G0084,3,GOV01,ECO02,3.701,7.196,0.594,49.14,0.79,0.776,0.613,0.435,3669050.0,20230.283,0.5513765961216118
G0084,4,GOV02,ECO02,4.221,7.223,0.619,49.96,0.724,0.84,0.585,0.261,3821006.0,20251.33,0.5299999528919871
G0084,6,GOV01,ECO02,4.196,7.258,0.827,51.6,0.819,0.818,0.595,0.217,4058897.0,93354.63,2.299999975362765
G0084,10,GOV02,ECO02,4.571,7.391,0.708,53.28,0.59,0.869,0.543,0.443,4564299.0,246928.56,5.409999651644206
G0084,11,GOV02,ECO02,2.702,7.365,0.638,53.7,0.671,0.903,0.505,0.388,4659436.0,465943.6,10.0
G0084,12,GOV01,ECO02,3.355,7.324,0.643,54.5,0.763,0.901,0.636,0.509,4755607.0,746630.3,15.70000002102781
G0084,13,GOV02,ECO02,4.424,7.324,0.685,55.3,0.733,0.867,0.668,0.391,4848927.0,790375.06,16.29999915445211
G0084,14,GOV01,ECO02,4.135,7.311,0.727,56.1,0.766,0.868,0.66,0.436,4944728.0,934553.56,18.899999352846102
G0084,15,GOV02,ECO02,5.121,7.264,0.712,56.9,0.706,0.828,0.636,0.389,5043719.0,1184395.9,23.48259092150058
G0085,8,GOV02,ECO01,5.754,9.842,0.855,62.66,0.712,0.791,0.695,0.316,6179327.0,939257.7,15.199999935268032
G0085,11,GOV00,ECO02,5.615,9.308,0.868,62.3,0.775,,0.704,0.369,6531825.0,,
G0085,12,GOV00,ECO02,5.434,9.268,0.876,62.3,0.822,,0.718,0.383,6632130.0,,
G0085,13,GOV05,ECO02,5.647,9.491,0.823,62.3,0.779,0.673,0.697,0.379,6738771.0,,
G0085,14,GOV05,ECO02,5.494,9.617,0.824,62.3,0.781,0.646,0.706,0.399,6849058.0,,
G0085,15,GOV05,ECO02,5.33,9.627,0.827,62.3,0.762,0.686,0.709,0.401,6951040.0,,
G0086,2,GOV02,ECO01,5.954,10.046,0.93,63.14,0.567,0.967,0.621,0.254,3269809.0,1435446.2,43.90000149855848
G0086,3,GOV02,ECO01,5.808,10.163,0.941,63.48,0.59,0.966,0.589,0.279,3231378.0,1612457.6,49.899999319175905
G0086,4,GOV02,ECO01,5.554,10.199,0.914,63.82,0.621,0.961,0.533,0.276,3198482.0,1766201.8,55.22000123808732
G0086,5,GOV02,ECO01,5.467,10.05,0.933,64.16,0.496,0.979,0.526,0.271,3163255.0,1890361.1,59.75999721805545
G0086,6,GOV02,ECO01,5.066,10.085,0.882,64.5,0.519,0.962,0.473,0.272,3097721.0,1924304.2,62.11999724959091
G0086,7,GOV02,ECO01,5.432,10.167,0.911,64.7,0.566,0.964,0.57,0.275,3028642.0,1927427.0,63.639974615685844
G0086,8,GOV02,ECO01,5.771,10.218,0.919,64.9,0.503,0.957,0.581,0.277,2988334.0,2009056.6,67.22998834802267
G0086,9,GOV02,ECO01,5.596,10.263,0.913,65.1,0.556,0.936,0.581,0.294,2958359.0,2025082.6,68.45290243679013
G0086,10,GOV02,ECO01,6.126,10.306,0.908,65.3,0.508,0.956,0.619,0.287,2933171.0,2115696.2,72.12999855787474
G0086,11,GOV02,ECO01,5.711,10.335,0.929,65.5,0.641,0.924,0.595,0.276,2905771.0,2074083.0,71.37806110667358
G0086,12,GOV02,ECO01,5.866,10.373,0.938,66.1,0.614,0.949,0.594,0.25,2869109.0,2133947.0,74.37664445651943
G0086,13,GOV02,ECO01,6.273,10.429,0.926,66.7,0.749,0.79,0.608,0.195,2829317.0,2195981.8,77.61526191656854
G0086,14,GOV02,ECO01,6.309,10.474,0.929,67.3,0.699,0.852,0.517,0.214,2802485.0,2234213.2,79.72257478630574
G0086,15,GOV01,ECO01,6.064,10.518,0.918,67.9,0.78,0.783,0.566,0.276,2795057.0,2280259.8,81.58187113894277
G0086,16,GOV01,ECO01,6.391,10.504,0.953,68.5,0.824,0.829,0.66,0.202,2795766.0,2322038.8,83.05554899802057
G0087,5,GOV03,ECO01,6.958,11.562,0.939,71.44,0.939,0.432,0.799,0.238,498196.0,434974.9,87.30999446001172
G0087,6,GOV03,ECO01,7.097,11.592,0.952,71.7,0.908,0.423,0.809,0.216,507418.0,459822.22,90.62000559696345
G0087,7,GOV03,ECO01,7.101,11.595,0.934,71.88,0.962,0.388,0.836,0.2,518583.0,466879.56,90.029862143572
G0087,8,GOV03,ECO01,6.964,11.567,0.914,72.06,0.917,0.403,0.815,0.227,530951.0,488209.03,91.94992193253238
G0087,9,GOV03,ECO01,7.131,11.58,0.917,72.24,0.79,0.301,0.64,0.185,543358.0,509542.1,93.77649726331443
G0087,10,GOV03,ECO01,6.891,11.598,0.875,72.42,0.938,0.366,0.803,0.17,556285.0,526635.0,94.66999829224228
G0087,11,GOV03,ECO01,6.702,11.617,0.934,72.6,0.932,0.375,0.757,0.193,569540.0,548903.94,96.37671454155985
G0087,12,GOV03,ECO01,6.967,11.64,0.941,72.6,0.882,0.356,0.758,0.192,583511.0,572638.44,98.13670007934725
G0087,13,GOV03,ECO01,7.061,11.634,0.905,72.6,0.903,0.33,0.766,0.184,596506.0,580775.9,97.36296030551243
G0087,14,GOV03,ECO01,7.243,11.645,0.902,72.6,0.884,0.385,0.75,0.202,608109.0,590238.5,97.06129986564909
G0087,15,GOV03,ECO01,7.404,11.648,0.912,72.6,0.93,0.39,0.789,0.212,620167.0,602310.1,97.12063041084095
G0088,2,GOV00,ECO02,3.98,7.376,0.711,54.04,,,0.702,0.161,19730916.0,119875.62,0.6075522292021314
G0088,4,GOV02,ECO02,4.64,7.439,0.776,54.92,0.332,0.773,0.614,0.215,20923842.0,345243.38,1.6499999378699188
G0088,7,GOV02,ECO02,4.381,7.336,0.818,56.22,0.546,0.897,0.51,0.235,22822305.0,433623.78,1.8999999342748246
G0088,8,GOV02,ECO02,3.551,7.339,0.673,56.64,0.487,0.854,0.69,0.194,23462444.0,539636.2,2.299999948854433
G0088,9,GOV02,ECO02,3.816,7.334,0.673,57.06,0.48,0.868,0.734,0.241,24109290.0,723278.7,3.0
G0088,10,GOV02,ECO02,3.676,7.34,0.655,57.48,0.529,0.791,0.748,0.192,24764356.0,916281.2,3.7000001130657303
G0088,11,GOV02,ECO02,3.593,7.344,0.647,57.9,0.545,0.861,0.802,0.226,25426703.0,1061303.5,4.173972142593556
G0088,12,GOV02,ECO02,3.663,7.356,0.746,58.3,0.57,0.864,0.813,0.204,26099950.0,1230263.8,4.713663436136851
G0088,13,GOV02,ECO02,4.079,7.368,0.626,58.7,0.57,0.847,0.752,0.375,26788379.0,1714456.2,6.39999979095413
G0088,14,GOV02,ECO02,4.071,7.386,0.666,59.1,0.551,0.889,0.752,0.362,27494930.0,2392058.8,8.69999959992624
G0088,15,GOV06,ECO02,4.339,7.406,0.701,59.5,0.55,0.72,0.723,0.304,28219559.0,3338758.0,11.831361361812919
G0089,2,GOV05,ECO02,3.83,6.678,0.554,44.88,0.767,0.676,0.67,0.222,13198699.0,56112.617,0.425137485141528
G0089,3,GOV05,ECO02,4.891,6.742,0.6,46.26,0.91,0.691,0.727,0.176,13576344.0,131129.11,0.9658646687208278
G0089,5,GOV05,ECO02,5.148,6.838,0.718,49.02,0.879,0.689,0.765,0.13,14395788.0,154034.94,1.0700000583504008
G0089,7,GOV02,ECO02,3.946,6.895,0.613,51.42,0.733,0.853,0.713,0.268,15265026.0,508325.34,3.3299998309862033
G0089,8,GOV02,ECO02,4.279,6.885,0.604,52.44,0.637,0.886,0.816,0.2,15709577.0,683460.8,4.350599637405896
G0089,9,GOV01,ECO02,4.035,6.907,0.563,53.46,0.752,0.857,0.808,0.248,16161816.0,816171.75,5.050000259871787
G0089,10,GOV01,ECO02,4.563,6.935,0.512,54.48,0.786,0.824,0.704,0.263,16621534.0,969035.44,5.8300000469270765
G0089,11,GOV01,ECO02,3.868,6.935,0.494,55.5,0.801,0.835,0.633,0.26,17085587.0,1025135.25,6.000000175586592
G0089,12,GOV01,ECO02,3.476,6.932,0.524,56.2,0.81,0.824,0.603,0.325,17557741.0,1106137.8,6.300000666372741
G0089,13,GOV05,ECO02,3.417,6.945,0.555,56.9,0.848,0.735,0.609,0.312,18039714.0,1262780.0,7.000000110866503
G0089,14,GOV01,ECO02,3.335,6.949,0.528,57.6,0.799,0.766,0.586,0.365,18528086.0,1482246.9,8.000000107944231
G0089,15,GOV05,ECO02,3.869,6.966,0.549,58.3,0.765,0.68,0.537,0.348,19025748.0,2556908.2,13.439199341860306
G0090,2,GOV05,ECO01,6.012,9.839,0.866,64.96,0.837,0.74,0.75,0.243,26417909.0,13641677.0,51.637989214059296
G0090,3,GOV01,ECO01,6.239,9.881,0.871,65.12,0.844,0.799,0.775,0.162,26998383.0,15038100.0,55.700002477926176
G0090,4,GOV01,ECO01,5.807,9.909,0.803,65.28,0.78,0.884,0.815,0.186,27570052.0,15384089.0,55.799999941966014
G0090,5,GOV01,ECO01,5.385,9.875,0.792,65.44,0.874,0.858,0.822,0.164,28124779.0,15721752.0,55.9000019164595
G0090,6,GOV01,ECO01,5.58,9.93,0.839,65.6,0.769,0.844,0.832,0.192,28655772.0,16133199.0,56.299997780551855
G0090,7,GOV01,ECO01,5.786,9.966,0.77,65.76,0.84,0.842,0.887,0.155,29162034.0,17788840.0,60.9999974624541
G0090,8,GOV01,ECO01,5.914,10.005,0.841,65.92,0.848,0.847,0.867,0.177,29662835.0,19518146.0,65.8000019215965
G0090,9,GOV01,ECO01,5.77,10.037,0.831,66.08,0.791,0.755,0.736,0.317,30174269.0,17216686.0,57.05750817028906
G0090,10,GOV01,ECO01,5.963,10.082,0.863,66.24,0.808,0.845,0.77,0.261,30696133.0,19542824.0,63.66542652131459
G0090,11,GOV02,ECO01,6.322,10.118,0.818,66.4,0.675,0.838,0.775,0.314,31232796.0,22195294.0,71.06406355678179
G0090,14,GOV01,ECO01,5.339,10.223,0.789,67.0,0.875,0.894,0.824,0.2,32910963.0,26724048.0,81.20105145510327
G0090,15,GOV01,ECO01,5.428,10.252,0.842,67.2,0.916,0.782,0.834,0.176,33440590.0,28152676.0,84.1871390427023
G0091,14,GOV00,ECO01,5.198,9.826,0.913,70.6,0.855,,,,473106.0,335432.16,70.90000126821472
G0092,2,GOV02,ECO02,4.014,7.593,0.761,45.92,0.555,0.761,0.767,0.209,13990143.0,102075.9,0.7296272811507359
G0092,4,GOV02,ECO02,4.115,7.607,0.747,47.16,0.495,0.918,0.682,0.164,14940786.0,234570.34,1.5699999986613824
G0092,5,GOV02,ECO02,3.977,7.622,0.733,47.78,0.634,0.819,0.76,0.15,15435536.0,277839.66,1.800000077742684
G0092,6,GOV02,ECO02,3.762,7.642,0.751,48.4,0.749,0.811,0.797,0.162,15945201.0,318904.03,2.0000000627147947
G0092,7,GOV05,ECO02,4.667,7.643,0.796,48.76,0.823,0.726,0.758,0.132,16469054.0,362319.2,2.20000007286393
G0092,8,GOV02,ECO02,4.313,7.605,0.823,49.12,0.704,0.787,0.681,0.109,16957039.0,474797.1,2.800000047178048
G0092,9,GOV02,ECO02,3.676,7.599,0.82,49.48,0.665,0.755,0.724,0.193,17459619.0,611086.7,3.500000200462564
G0092,10,GOV06,ECO02,3.975,7.638,0.843,49.84,0.652,0.658,0.741,0.186,18020267.0,1261418.8,7.0000006104238075
G0092,11,GOV02,ECO02,4.582,7.669,0.83,50.2,0.634,0.8,0.709,0.243,18593022.0,1920659.1,10.32999960953093
G0092,12,GOV02,ECO02,4.016,7.695,0.836,50.7,0.696,0.862,0.807,0.305,19191298.0,2686781.8,14.000000416855597
G0092,13,GOV01,ECO02,4.742,7.718,0.741,51.2,0.753,0.863,0.742,0.393,19813016.0,3744660.0,18.899999878867508
G0092,14,GOV02,ECO02,4.416,7.733,0.692,51.7,0.737,0.793,0.77,0.37,20442031.0,4374594.5,21.399999344487835
G0092,15,GOV02,ECO02,4.988,7.752,0.755,52.2,0.67,0.846,0.712,0.358,21068405.0,4700591.0,22.311090943998845
G0093,5,GOV00,ECO01,6.328,10.331,0.916,71.38,0.803,,0.715,0.358,420800.0,247682.88,58.86
G0093,6,GOV00,ECO01,5.774,10.361,0.908,71.6,0.802,,0.697,0.375,422654.0,266272.03,63.00000236600151
G0093,7,GOV00,ECO01,6.155,10.37,0.923,71.72,0.882,,0.736,0.34,424635.0,288835.97,68.01982172924981
G0093,8,GOV00,ECO01,5.963,10.389,0.922,71.84,0.861,,0.744,0.391,426616.0,290951.6,68.1998799857483
G0093,9,GOV00,ECO01,6.38,10.422,0.942,71.96,0.909,,0.66,0.37,428457.0,295266.0,68.91379998459588
G0093,10,GOV05,ECO01,6.452,10.486,0.941,72.08,0.904,0.67,0.652,0.352,434494.0,317919.25,73.1699977445028
G0093,11,GOV05,ECO01,6.613,10.566,0.919,72.2,0.912,0.664,0.68,0.355,444978.0,338005.38,75.96002049539528
G0093,12,GOV05,ECO01,6.591,10.599,0.93,72.2,0.916,0.696,0.687,0.355,455276.0,355457.4,78.07514562594997
G0093,13,GOV05,ECO01,6.676,10.635,0.937,72.2,0.924,0.69,0.721,0.302,467902.0,379056.34,81.01190847656133
G0093,14,GOV05,ECO01,6.91,10.67,0.932,72.2,0.927,0.595,0.721,0.296,484560.0,395682.22,81.6580444114248
G0093,15,GOV05,ECO01,6.733,10.677,0.922,72.2,0.924,0.689,0.707,0.356,504017.0,432338.7,85.77859476962087
G0093,16,GOV05,ECO00,6.157,,0.938,72.2,0.931,0.675,0.601,0.411,518212.0,450112.53,86.8587624369949
G0094,3,GOV06,ECO02,4.149,8.533,0.682,53.66,0.573,0.586,0.733,0.174,3093065.0,44342.586,1.4336131313114986
G0094,4,GOV02,ECO02,4.248,8.501,0.67,53.94,0.593,0.841,0.732,0.176,3183276.0,59527.26,1.869999962302986
G0094,5,GOV02,ECO02,4.5,8.473,0.819,54.22,0.735,0.848,0.738,0.17,3284454.0,74885.55,2.279999963464247
G0094,6,GOV06,ECO02,4.772,8.47,0.857,54.5,0.669,0.727,0.778,0.129,3390968.0,135638.72,4.0
G0094,7,GOV06,ECO02,4.785,8.481,0.75,54.82,0.567,0.747,0.762,0.175,3502813.0,157626.58,4.49999985725758
G0094,8,GOV06,ECO02,4.673,8.495,0.763,55.14,0.487,0.707,0.782,0.164,3619035.0,180951.75,5.0
G0094,9,GOV06,ECO02,4.199,8.506,0.741,55.46,0.603,0.676,0.793,0.196,3734324.0,231528.08,6.199999785771133
G0094,10,GOV06,ECO02,4.483,8.519,0.853,55.78,0.468,0.589,0.755,0.163,3848511.0,454124.3,11.800000051968151
G0094,11,GOV06,ECO02,3.923,8.542,0.875,56.1,0.447,0.715,0.82,0.194,3965959.0,698008.8,17.60000040343332
G0094,12,GOV02,ECO02,4.472,8.526,0.785,56.4,0.467,0.842,0.735,0.222,4086655.0,984883.9,24.100001101145068
G0094,13,GOV02,ECO02,4.678,8.533,0.779,56.7,0.527,0.777,0.637,0.272,4210603.0,1018965.94,24.200000332493943
G0094,14,GOV06,ECO02,4.314,8.526,0.802,57.0,0.467,0.711,0.663,0.276,4337685.0,1522527.4,35.09999919311799
G0094,15,GOV06,ECO02,4.153,8.556,0.798,57.3,0.628,0.743,0.692,0.26,4467714.0,1890767.0,42.32068122534253
G0095,7,GOV01,ECO01,5.477,9.767,0.8,64.7,0.848,0.847,0.738,0.253,1286270.0,449551.38,34.95000116616262
G0095,10,GOV01,ECO01,5.648,9.865,0.785,65.3,0.824,0.879,0.808,0.222,1292006.0,578861.0,44.80327490739207
G0095,12,GOV01,ECO01,5.61,9.935,0.836,65.8,0.819,0.891,0.785,0.246,1291807.0,674211.2,52.19132579402341
G0095,13,GOV01,ECO01,6.174,9.972,0.91,66.1,0.912,0.818,0.748,0.169,1290654.0,715064.1,55.4032374284665
G0095,14,GOV01,ECO01,5.882,10.008,0.909,66.4,0.867,0.785,0.774,0.158,1288836.0,755208.5,58.59616739445515
G0095,15,GOV01,ECO01,6.241,10.043,0.913,66.7,0.893,0.81,0.808,0.149,1286269.0,794013.25,61.729953065805056
G0095,16,GOV01,ECO01,6.015,9.972,0.893,67.0,0.843,0.772,0.767,0.138,1283231.0,832623.2,64.88490380921284
G0096,1,GOV01,ECO01,6.581,9.788,0.903,66.2,0.814,0.764,0.82,0.219,105811504.0,18210158.0,17.209998262570767
G0096,3,GOV06,ECO01,6.525,9.825,0.879,66.32,0.67,0.747,0.816,0.248,108774356.0,22635942.0,20.809998636075584
G0096,4,GOV02,ECO01,6.829,9.821,0.876,66.38,0.677,0.785,0.825,0.201,110374286.0,23962256.0,21.70999864950429
G0096,5,GOV02,ECO01,6.963,9.752,0.868,66.44,0.682,0.764,0.849,0.196,111999720.0,29500726.0,26.339999778570874
G0096,6,GOV05,ECO01,6.802,9.788,0.876,66.5,0.778,0.693,0.84,0.215,113623898.0,35280220.0,31.049999710448237
G0096,7,GOV05,ECO01,6.91,9.81,0.824,66.68,0.831,0.698,0.79,0.228,115243503.0,42843268.0,37.176297912429824
G0096,8,GOV05,ECO01,7.32,9.832,0.767,66.86,0.788,0.633,0.784,0.278,116818208.0,46435236.0,39.749998561868026
G0096,9,GOV06,ECO01,7.443,9.832,0.759,67.04,0.739,0.615,0.79,0.223,118343572.0,51432116.0,43.45999966943705
G0096,10,GOV05,ECO01,6.68,9.847,0.782,67.22,0.779,0.63,0.802,0.229,119784265.0,53172236.0,44.39000063990041
G0096,11,GOV06,ECO01,6.236,9.867,0.761,67.4,0.719,0.708,0.745,0.237,121072310.0,69533090.0,57.431042655418075
G0096,12,GOV01,ECO01,6.824,9.884,0.893,67.7,0.752,0.809,0.859,0.22,122251344.0,72789000.0,59.5404497148105
G0096,13,GOV01,ECO01,6.41,9.893,0.8,68.0,0.861,0.801,0.843,0.231,123400052.0,65441252.0,53.03178640475775
G0096,14,GOV01,ECO01,6.55,9.903,0.858,68.3,0.816,0.809,0.882,0.213,124573713.0,70582920.0,56.659561877231674
G0096,15,GOV01,ECO01,6.432,9.891,0.852,68.6,0.903,0.809,0.864,0.252,125762978.0,87571416.0,69.63211065183269
G0096,16,GOV01,ECO01,5.964,9.782,0.779,68.9,0.873,0.778,0.81,0.292,126799053.0,90648860.0,71.49017114504791
G0097,2,GOV02,ECO02,5.102,8.936,0.812,60.58,0.554,0.926,0.619,0.255,3921320.0,769388.4,19.620648149092652
G0097,3,GOV02,ECO02,4.775,8.968,0.804,60.76,0.696,0.93,0.571,0.306,3851397.0,787610.7,20.45000035052216
G0097,4,GOV02,ECO02,5.503,9.045,0.872,60.94,0.641,0.926,0.584,0.284,3779503.0,884025.75,23.389999955020542
G0097,5,GOV02,ECO02,5.554,8.984,0.856,61.12,0.551,0.925,0.562,0.306,3706212.0,1019208.3,27.5
G0097,6,GOV02,ECO02,5.59,9.054,0.847,61.3,0.598,0.929,0.584,0.278,3631990.0,1077974.6,29.67999911894031
G0097,7,GOV02,ECO02,5.792,9.111,0.869,61.62,0.628,0.957,0.568,0.285,3557278.0,1140819.0,32.06999846511855
G0097,8,GOV02,ECO02,5.996,9.105,0.826,61.94,0.602,0.955,0.568,0.314,3482629.0,1206731.0,34.650001478767905
G0097,9,GOV02,ECO02,5.756,9.192,0.803,62.26,0.658,0.941,0.582,0.261,3408741.0,1276232.6,37.43999910817514
G0097,10,GOV02,ECO02,5.917,9.241,0.805,62.58,0.623,0.925,0.583,0.26,3342715.0,1353799.6,40.50000074789505
G0097,11,GOV02,ECO02,6.017,9.246,0.84,62.9,0.595,0.943,0.59,0.281,3287168.0,1416769.4,43.099999756629416
G0097,12,GOV02,ECO02,5.578,9.3,0.837,63.6,0.557,0.969,0.621,0.275,3237798.0,1512051.8,46.70000413861519
G0097,13,GOV02,ECO02,5.326,9.363,0.831,64.3,0.553,0.926,0.581,0.259,3193500.0,1593556.5,49.9
G0097,14,GOV01,ECO02,5.682,9.423,0.892,65.0,0.824,0.929,0.582,0.27,3153779.0,1586350.9,50.30000199760351
G0097,15,GOV01,ECO02,5.803,9.475,0.809,65.7,0.784,0.884,0.631,0.262,3112561.0,1797830.4,57.76048726434598
G0097,16,GOV01,ECO02,5.812,9.462,0.874,66.4,0.859,0.941,0.727,0.268,3069135.0,1815483.9,59.152950261229954
G0098,3,GOV01,ECO02,4.609,8.833,0.881,58.82,0.781,0.918,0.571,0.203,2607976.0,234717.84,9.0
G0098,4,GOV02,ECO02,4.493,8.904,0.92,59.28,0.484,0.962,0.586,0.173,2634431.0,258174.25,9.800000455506332
G0098,6,GOV02,ECO02,4.586,8.92,0.904,60.2,0.631,0.928,0.712,0.15,2701739.0,275577.38,10.200000074026395
G0098,7,GOV02,ECO02,5.031,9.061,0.948,60.5,0.7,0.931,0.692,0.153,2745183.0,343147.62,12.49999071100178
G0098,8,GOV02,ECO02,4.885,9.158,0.919,60.8,0.688,0.932,0.689,0.181,2795463.0,458455.9,16.399998855288015
G0098,9,GOV02,ECO02,4.913,9.248,0.935,61.1,0.748,0.928,0.649,0.179,2851887.0,504783.53,17.699983554748137
G0098,10,GOV01,ECO02,4.825,9.304,0.943,61.4,0.752,0.909,0.627,0.17,2913041.0,580931.7,19.942448458500923
G0098,11,GOV02,ECO02,4.983,9.308,0.906,61.7,0.686,0.9,0.653,0.208,2976528.0,669718.94,22.500004703466587
G0098,12,GOV01,ECO02,5.057,9.3,0.947,61.9,0.76,0.9,0.694,0.171,3040815.0,677060.9,22.26577085419534
G0098,13,GOV02,ECO02,5.334,9.334,0.924,62.1,0.675,0.865,0.675,0.214,3104371.0,736178.8,23.71426611059052
G0098,14,GOV02,ECO02,5.465,9.386,0.942,62.3,0.696,0.849,0.654,0.192,3167714.0,1492943.6,47.12999974113825
G0098,15,GOV02,ECO02,5.563,9.418,0.946,62.5,0.711,0.873,0.707,0.167,3232118.0,1650965.6,51.07999151021095
G0098,16,GOV02,ECO02,6.011,9.396,0.918,62.7,0.718,0.843,0.636,0.26,3290786.0,2159761.8,65.6305757955698
G0099,3,GOV02,ECO02,5.196,9.693,0.832,66.2,0.512,0.815,0.579,0.34,633388.0,195083.5,30.799999368475564
G0099,5,GOV02,ECO02,4.801,9.699,0.816,66.8,0.556,0.838,0.623,0.423,632445.0,221988.19,35.09999920941742
G0099,6,GOV02,ECO01,5.455,9.724,0.805,67.1,0.552,0.757,0.595,0.41,632088.0,237033.0,37.5
G0099,7,GOV02,ECO01,5.223,9.755,0.818,67.26,0.546,0.762,0.603,0.378,632689.0,225310.31,35.61154216368548
G0099,8,GOV02,ECO01,5.219,9.726,0.704,67.42,0.462,0.755,0.574,0.379,633546.0,360099.84,56.83878360845148
G0099,9,GOV06,ECO01,5.074,9.76,0.736,67.58,0.502,0.693,0.539,0.331,633199.0,381882.3,60.30999733101284
G0099,10,GOV02,ECO01,5.283,9.777,0.863,67.74,0.503,0.768,0.587,0.368,631377.0,385139.97,61.0
G0099,11,GOV02,ECO01,5.125,9.81,0.74,67.9,0.583,0.781,0.58,0.337,628145.0,427891.06,68.11979081263084
G0099,12,GOV02,ECO01,5.304,9.839,0.866,68.1,0.569,0.849,0.591,0.337,624246.0,436233.38,69.88164601775583
G0099,13,GOV02,ECO01,5.615,9.885,0.881,68.3,0.626,0.756,0.519,0.35,620112.0,441968.28,71.27233144980262
G0099,14,GOV02,ECO01,5.65,9.934,0.856,68.5,0.626,0.769,0.59,0.355,615798.0,440400.84,71.51709489150663
G0099,15,GOV02,ECO01,5.386,9.97,0.832,68.7,0.694,0.82,0.591,0.366,611671.0,449435.47,73.47666801270617
G0099,16,GOV01,ECO01,5.722,9.913,0.887,68.9,0.802,0.845,0.603,0.411,607934.0,471810.25,77.60879470468834
G0100,6,GOV02,ECO02,4.383,8.746,,63.5,0.663,0.9,,,32467009.0,16882844.0,51.99999790556623
G0100,7,GOV02,ECO02,5.085,8.783,0.833,63.8,0.579,0.875,0.736,0.187,32912585.0,15175165.0,46.10748441667526
G0100,8,GOV01,ECO02,4.97,8.799,0.676,64.1,0.757,0.845,0.687,0.281,33355246.0,18484162.0,55.41605659271708
G0100,9,GOV02,ECO02,5.142,8.829,0.597,64.4,0.572,0.771,0.784,0.239,33787573.0,18921040.0,55.99999739549212
G0100,11,GOV02,ECO02,5.163,8.872,0.606,65.0,0.713,0.842,0.661,0.262,34607590.0,19754012.0,57.07999892509129
G0100,12,GOV05,ECO02,5.386,8.869,0.655,65.3,0.817,0.717,0.713,0.205,35023459.0,20408602.0,58.271234717279064
G0100,13,GOV01,ECO02,5.312,8.898,0.641,65.6,0.814,0.841,0.559,0.323,35446395.0,21892478.0,61.762213054388184
G0100,14,GOV01,ECO02,4.897,8.914,0.554,65.9,0.773,0.843,0.638,0.416,35839760.0,23225550.0,64.80386587410183
G0100,15,GOV01,ECO02,5.057,8.925,0.535,66.2,0.757,0.757,0.589,0.41,36210907.0,30460746.0,84.12036185671903
G0100,16,GOV01,ECO02,4.803,8.871,0.553,66.5,0.819,0.803,0.587,0.256,36584208.0,30774768.0,84.1203614411989
G0101,2,GOV02,ECO02,4.595,6.776,0.879,44.8,0.684,0.758,0.623,0.327,20787088.0,175225.7,0.8429545302353076
G0101,3,GOV02,ECO02,4.833,6.823,0.748,45.5,0.643,0.854,0.634,0.24,21287638.0,193717.52,0.9100000667053808
G0101,4,GOV02,ECO02,4.654,6.865,0.756,46.2,0.514,0.864,0.623,0.28,21819037.0,340376.97,1.5599999670012934
G0101,7,GOV06,ECO02,4.971,6.979,0.818,48.32,0.639,0.719,0.592,0.243,23649045.0,1087856.0,4.5999997040049605
G0101,11,GOV05,ECO02,4.55,7.141,0.666,51.2,0.813,0.632,0.564,0.34,26547576.0,1725592.5,6.500000226009335
G0101,13,GOV05,ECO02,4.28,7.157,0.678,53.2,0.823,0.682,0.648,0.353,28166397.0,2195944.2,7.7963262393837605
G0101,14,GOV05,ECO02,4.654,7.162,0.738,54.2,0.897,0.691,0.64,0.397,29018647.0,3163032.5,10.899999920740619
G0101,15,GOV05,ECO02,4.932,7.155,0.742,55.2,0.87,0.682,0.587,0.384,29884378.0,4374640.5,14.638552959007546
G0102,8,GOV06,ECO02,4.439,8.158,0.612,57.02,0.691,0.695,0.764,0.205,49837451.0,697724.3,1.3999999719086758
G0102,9,GOV05,ECO02,4.176,8.23,0.757,57.38,0.775,0.638,0.803,0.217,50262658.0,904727.8,1.7999999124598622
G0102,10,GOV00,ECO02,4.786,8.299,0.774,57.74,,0.592,0.858,0.112,50681635.0,3750441.0,7.400000019731013
G0102,11,GOV05,ECO02,4.224,8.359,0.752,58.1,0.808,0.633,0.866,0.272,51089060.0,5568707.5,10.899999921705351
G0102,12,GOV05,ECO02,4.623,8.408,0.793,58.4,0.877,0.607,0.804,0.302,51495701.0,8239312.0,15.999999689294452
G0102,13,GOV05,ECO02,4.154,8.464,0.795,58.7,0.886,0.619,0.746,0.282,51894939.0,12258146.0,23.62108181686079
G0102,14,GOV05,ECO02,4.411,8.523,0.774,59.0,0.906,0.647,0.777,0.3,52272250.0,15002136.0,28.700000478265235
G0102,15,GOV05,ECO02,4.434,8.545,0.763,59.3,0.899,0.682,0.755,0.286,52640718.0,16126676.0,30.63536481398297
G0102,16,GOV05,ECO02,4.431,8.554,0.796,59.6,0.825,0.647,0.8,0.289,53016525.0,22242708.0,41.954292553123764
G0103,3,GOV01,ECO02,4.886,9.059,0.828,49.68,0.781,0.839,0.811,0.16,2018607.0,97611.98,4.835610894047232
G0103,10,GOV01,ECO02,4.574,9.232,0.763,55.16,0.849,0.79,0.749,0.239,2312143.0,343122.03,14.840000380599298
G0103,13,GOV01,ECO02,4.441,9.215,0.828,56.2,0.81,0.831,0.721,0.277,2506854.0,923460.0,36.83740656615822
G0103,14,GOV01,ECO02,4.834,9.204,0.864,56.5,0.754,0.846,0.739,0.24,2577327.0,1030930.8,40.0
G0103,15,GOV02,ECO02,4.436,9.173,0.845,56.8,0.739,0.879,0.672,0.256,2650499.0,1188134.4,44.826819402686056
G0103,16,GOV02,ECO02,4.451,9.104,0.741,57.1,0.666,0.81,0.648,0.248,2728760.0,1330658.1,48.76420425394685
G0104,2,GOV02,ECO02,4.567,7.616,0.874,57.2,0.689,0.897,0.717,0.171,26565430.0,303214.94,1.1413891662961977
G0104,3,GOV02,ECO02,4.748,7.638,0.787,57.7,0.413,0.891,0.643,0.152,26788498.0,377717.8,1.4099999186217906
G0104,4,GOV02,ECO02,4.441,7.686,0.818,58.2,0.618,0.9,0.745,0.153,26990036.0,466927.62,1.7299999896258011
G0104,5,GOV02,ECO02,4.917,7.723,0.813,58.7,0.616,0.95,0.57,0.215,27173035.0,535308.8,1.9700000386412488
G0104,6,GOV02,ECO02,4.35,7.765,0.779,59.2,0.519,0.911,0.672,0.226,27341955.0,2168217.0,7.929999884792437
G0104,7,GOV02,ECO02,3.809,7.797,0.741,59.4,0.525,0.935,0.699,0.207,27464499.0,2471805.0,9.000000327695764
G0104,8,GOV02,ECO02,4.233,7.846,0.734,59.6,0.638,0.883,0.736,0.231,27534916.0,3069950.2,11.149299311463308
G0104,9,GOV02,ECO02,4.605,7.889,0.74,59.8,0.722,0.877,0.629,0.279,27589997.0,3669469.8,13.300000721275904
G0104,10,GOV02,ECO02,4.975,7.948,0.786,60.0,0.712,0.841,0.614,0.287,27672373.0,4272614.5,15.44000039317192
G0104,11,GOV01,ECO02,4.812,7.976,0.748,60.2,0.763,0.824,0.543,0.358,27823631.0,4891844.5,17.581617941957322
G0104,12,GOV01,ECO02,5.1,7.973,0.837,61.3,0.839,0.817,0.627,0.37,27955471.0,5786782.5,20.70000001073135
G0104,13,GOV01,ECO02,4.737,8.039,0.816,62.4,0.845,0.77,0.571,0.376,28011258.0,6806735.5,24.299999307421324
G0104,14,GOV05,ECO02,4.91,8.087,0.768,63.5,0.77,0.742,0.537,0.387,28079688.0,8030791.0,28.600000826220008
G0104,15,GOV05,ECO02,5.449,8.136,0.772,64.6,0.79,0.712,0.536,0.357,28414066.0,9889663.0,34.80551850622153
G0105,1,GOV05,ECO01,7.464,10.814,0.947,70.4,0.901,0.571,0.869,0.233,16465707.0,13337223.0,81.00000200416538
G0105,3,GOV03,ECO01,7.452,10.881,0.944,70.8,0.896,0.445,0.818,0.213,16531360.0,14187213.0,85.81999908053542
G0105,4,GOV03,ECO01,7.631,10.899,0.944,71.0,0.883,0.419,0.788,0.182,16597259.0,14509324.0,87.42000109777163
G0105,6,GOV03,ECO01,7.502,10.864,0.957,71.4,0.921,0.399,0.853,0.206,16771232.0,15214862.0,90.72000196527006
G0105,7,GOV03,ECO01,7.564,10.875,0.938,71.52,0.925,0.359,0.863,0.181,16851061.0,15405240.0,91.42000020058084
G0105,8,GOV03,ECO01,7.471,10.861,0.939,71.64,0.877,0.434,0.861,0.226,16915191.0,15707445.0,92.85999194451898
G0105,9,GOV05,ECO01,7.407,10.857,0.925,71.76,0.919,0.505,0.867,0.235,16967066.0,15941644.0,93.9563976470652
G0105,10,GOV03,ECO01,7.321,10.867,0.909,71.88,0.91,0.457,0.868,0.221,17030085.0,15610911.0,91.66666519867634
G0105,11,GOV03,ECO01,7.324,10.882,0.879,72.0,0.904,0.412,0.834,0.202,17107429.0,15691642.0,91.72413926137001
G0105,12,GOV03,ECO01,7.541,10.899,0.926,72.1,0.907,0.433,0.838,0.215,17204693.0,15554928.0,90.41095938183844
G0105,13,GOV03,ECO01,7.459,10.921,0.937,72.2,0.92,0.363,0.852,0.185,17315376.0,16137460.0,93.19728315457891
G0105,14,GOV03,ECO01,7.463,10.941,0.939,72.3,0.92,0.371,0.862,0.205,17421285.0,16008748.0,91.89188971996037
G0105,15,GOV03,ECO01,7.425,10.953,0.941,72.4,0.886,0.36,0.838,0.231,17537505.0,16360491.0,93.28858922634662
G0105,16,GOV03,ECO01,7.504,10.901,0.944,72.5,0.935,0.281,0.784,0.247,17636732.0,16108216.0,91.33333771812147
G0106,2,GOV03,ECO01,7.305,10.526,0.946,71.2,0.932,0.224,0.88,0.219,4181943.0,2885540.8,69.00000310860287
G0106,3,GOV03,ECO01,7.604,10.546,0.967,71.4,0.878,0.295,0.854,0.238,4223270.0,2946153.2,69.76000113656006
G0106,4,GOV03,ECO01,7.381,10.528,0.944,71.6,0.893,0.334,0.854,0.232,4261819.0,3069788.2,72.0299993969711
G0106,6,GOV03,ECO01,7.224,10.52,0.976,72.0,0.918,0.321,0.847,0.235,4347766.0,3498212.5,80.4599994571925
G0106,7,GOV03,ECO01,7.191,10.536,0.954,72.12,0.935,0.269,0.864,0.21,4382699.0,3560066.5,81.2300023341781
G0106,8,GOV03,ECO01,7.25,10.553,0.93,72.24,0.902,0.289,0.866,0.207,4411682.0,3601894.5,81.64447256171229
G0106,9,GOV03,ECO01,7.28,10.571,0.958,72.36,0.944,0.312,0.835,0.151,4453857.0,3686902.8,82.77999944766974
G0106,10,GOV03,ECO01,7.306,10.592,0.942,72.48,0.932,0.273,0.848,0.199,4522976.0,3799299.8,83.99999911562652
G0106,11,GOV03,ECO01,7.418,10.608,0.987,72.6,0.942,0.186,0.834,0.16,4614035.0,3931157.8,85.19999956653992
G0106,12,GOV03,ECO01,7.226,10.623,0.937,72.8,0.927,0.278,0.833,0.207,4714768.0,4078274.2,86.49999745480584
G0106,13,GOV03,ECO01,7.327,10.633,0.955,73.0,0.942,0.222,0.817,0.172,4812749.0,4220780.5,87.69999224975165
G0106,14,GOV03,ECO01,7.37,10.66,0.954,73.2,0.949,0.207,0.845,0.168,4900840.0,4361747.5,88.99999795953347
G0106,15,GOV03,ECO01,7.205,10.666,0.939,73.4,0.912,0.234,0.816,0.191,4989410.0,4483669.5,89.86372136184438
G0106,16,GOV03,ECO01,7.257,10.6,0.952,73.6,0.918,0.283,0.849,0.209,5069895.0,4708162.0,92.86507905982273
G0107,2,GOV02,ECO02,4.46,8.398,0.877,64.14,0.745,0.844,0.779,0.294,5418857.0,152029.98,2.805572835747465
G0107,3,GOV01,ECO02,4.944,8.434,0.866,64.48,0.836,0.826,0.81,0.287,5497247.0,214392.64,3.900000127336465
G0107,4,GOV01,ECO02,5.104,8.454,0.857,64.82,0.791,0.819,0.784,0.289,5576597.0,295559.66,5.300000340709575
G0107,5,GOV02,ECO02,5.353,8.407,0.835,65.16,0.746,0.794,0.781,0.299,5656602.0,412931.97,7.300000424282988
G0107,6,GOV01,ECO02,5.687,8.436,0.863,65.5,0.792,0.802,0.805,0.268,5737451.0,573745.1,10.0
G0107,7,GOV01,ECO02,5.386,8.484,0.8,65.72,0.779,0.76,0.791,0.309,5819051.0,616819.44,10.600000584287711
G0107,8,GOV05,ECO02,5.448,8.534,0.894,65.94,0.85,0.644,0.803,0.255,5901290.0,796674.1,13.499999152727623
G0107,9,GOV05,ECO02,5.772,8.569,0.868,66.16,0.859,0.636,0.839,0.271,5983852.0,927497.06,15.5
G0107,10,GOV05,ECO02,6.275,8.602,0.839,66.38,0.817,0.699,0.813,0.334,6066493.0,1067702.8,17.600000527487627
G0107,11,GOV05,ECO02,5.924,8.636,0.827,66.6,0.809,0.728,0.797,0.346,6149417.0,1211699.1,19.70429229307429
G0107,12,GOV06,ECO02,6.013,8.668,0.853,66.9,0.717,0.731,0.805,0.38,6232664.0,1531479.9,24.57183477241834
G0107,13,GOV05,ECO02,6.476,8.7,0.838,67.2,0.922,0.673,0.85,0.308,6316235.0,1920135.4,30.39999936671134
G0107,14,GOV05,ECO02,5.819,8.647,0.854,67.5,0.797,0.713,0.793,0.408,6400074.0,2406427.8,37.59999962500433
G0107,15,GOV05,ECO02,6.113,8.595,0.874,67.8,0.883,0.622,0.835,0.337,6483660.0,2912223.8,44.916355885410404
G0108,2,GOV01,ECO02,3.737,6.888,0.677,46.36,0.75,0.755,0.755,0.179,14268583.0,41954.48,0.2940339625875954
G0108,3,GOV06,ECO02,4.277,6.881,0.726,47.12,0.584,0.748,0.706,0.158,14803604.0,57791.883,0.3903906305518575
G0108,4,GOV06,ECO02,4.236,6.918,0.607,47.88,0.649,0.749,0.65,0.194,15361921.0,107533.445,0.6999999869807949
G0108,5,GOV03,ECO02,4.267,6.898,0.771,48.64,0.88,0.483,0.73,0.115,15943673.0,121171.914,0.7599999949823356
G0108,6,GOV05,ECO02,4.101,6.941,0.655,49.4,0.817,0.529,0.745,0.126,16548833.0,137355.31,0.8299999764333835
G0108,7,GOV05,ECO02,4.556,6.925,0.818,49.92,0.78,0.549,0.7,0.166,17176286.0,154586.56,0.8999999184922748
G0108,8,GOV02,ECO02,3.798,6.987,0.7,50.44,0.734,0.777,0.603,0.142,17836770.0,187286.08,1.0499999719680189
G0108,9,GOV05,ECO02,3.716,7.002,0.696,50.96,0.825,0.711,0.65,0.208,18519899.0,212978.83,1.1499999541034214
G0108,10,GOV06,ECO02,4.181,7.027,0.753,51.48,0.688,0.605,0.678,0.205,19215917.0,239944.48,1.2486756681973594
G0108,11,GOV06,ECO02,3.671,7.03,0.713,52.0,0.728,0.703,0.682,0.218,19939496.0,493745.78,2.4762199606248823
G0108,12,GOV02,ECO02,4.235,7.047,0.683,52.5,0.702,0.814,0.675,0.325,20685758.0,894195.3,4.322758199143585
G0108,13,GOV02,ECO02,4.616,7.058,0.582,53.0,0.684,0.778,0.731,0.427,21435449.0,2191627.2,10.224312072959146
G0108,14,GOV05,ECO02,5.164,7.087,0.612,53.5,0.791,0.637,0.771,0.503,22188074.0,,
G0108,15,GOV05,ECO02,5.004,7.106,0.677,54.0,0.831,0.729,0.816,0.304,22947765.0,3812060.2,16.611901856237417
G0109,2,GOV02,ECO02,4.71,8.326,0.735,44.12,0.649,0.871,0.781,0.178,149077335.0,8266392.5,5.545036406775047
G0109,3,GOV02,ECO02,4.89,8.364,0.718,44.64,0.635,0.918,0.826,0.141,153267254.0,10376193.0,6.769999937494802
G0109,4,GOV02,ECO02,4.939,8.403,0.78,45.16,0.584,0.892,0.74,0.244,157595014.0,12607601.0,7.999999923855459
G0109,5,GOV02,ECO02,4.98,8.453,0.722,45.68,0.537,0.913,0.745,0.225,162049466.0,15070601.0,9.300000408517237
G0109,6,GOV02,ECO02,4.76,8.504,0.824,46.2,0.565,0.911,0.782,0.19,166642888.0,19163932.0,11.499999927989727
G0109,8,GOV02,ECO02,5.493,8.543,0.818,47.12,0.652,0.9,0.811,0.209,176200627.0,28368302.0,16.10000059761422
G0109,9,GOV02,ECO02,4.818,8.581,0.663,47.58,0.622,0.905,0.638,0.286,181049440.0,34580444.0,19.100000530241907
G0109,11,GOV02,ECO02,4.933,8.615,0.812,48.5,0.68,0.926,0.717,0.251,190671883.0,46714612.0,24.500000348766683
G0109,12,GOV01,ECO02,5.22,8.573,0.805,48.9,0.798,0.905,0.732,0.252,195443698.0,55701452.0,28.499999012503334
G0109,13,GOV01,ECO02,5.322,8.555,0.733,49.3,0.826,0.835,0.725,0.236,200254580.0,66484524.0,33.20000171781339
G0109,14,GOV01,ECO02,5.252,8.548,0.741,49.7,0.79,0.866,0.805,0.256,204938752.0,79311300.0,38.70000145214117
G0109,15,GOV02,ECO02,4.356,8.544,0.734,50.1,0.729,0.873,0.715,0.245,209485637.0,94334260.0,45.03137367837777
G0109,16,GOV02,ECO02,5.503,8.484,0.739,50.5,0.713,0.913,0.744,0.316,213996185.0,110118960.0,51.45837529767178
G0110,8,GOV02,ECO00,5.463,,0.871,,0.693,0.855,0.709,0.405,,,
G0110,9,GOV05,ECO00,5.567,,0.869,,0.775,0.715,0.622,0.443,,,
G0110,10,GOV05,ECO00,5.786,,0.802,,0.83,0.692,0.724,0.311,,,
G0110,11,GOV05,ECO00,5.843,,0.791,,0.785,0.659,0.702,0.319,,,
G0110,12,GOV05,ECO00,5.827,,0.808,,0.796,0.67,0.644,0.346,,,
G0110,14,GOV05,ECO00,5.608,,0.837,,0.797,0.614,0.48,0.262,,,
G0110,15,GOV05,ECO00,5.467,,0.803,,0.793,0.64,0.494,0.296,,,
G0111,3,GOV02,ECO02,4.494,9.416,0.811,64.095,0.439,0.87,0.603,0.251,2081972.0,755755.8,36.29999827087012
G0111,5,GOV02,ECO02,4.428,9.464,0.734,64.349,0.552,0.844,0.576,0.37,2060601.0,1066773.1,51.76999817043669
G0111,6,GOV02,ECO02,4.18,9.496,0.687,64.502,0.513,0.856,0.567,0.314,2051510.0,1064733.8,51.90000536190416
G0111,7,GOV02,ECO02,4.898,9.518,0.784,64.661,0.607,0.865,0.588,0.363,2040445.0,1156932.4,56.70000416575795
G0111,8,GOV02,ECO02,4.64,9.513,0.798,64.811,0.613,0.92,0.642,0.422,2027288.0,1164675.9,57.449947910706314
G0111,9,GOV02,ECO02,5.186,9.541,0.832,64.942,0.641,0.861,0.578,0.331,2013280.0,1313463.9,65.24000139076531
G0111,10,GOV02,ECO02,5.204,9.576,0.793,65.053,0.645,0.861,0.637,0.307,1997842.0,1359731.2,68.05999673647867
G0111,11,GOV02,ECO02,4.976,9.613,0.766,65.145,0.66,0.824,0.62,0.299,1980366.0,1393785.6,70.38020244742638
G0111,12,GOV02,ECO02,5.346,9.64,0.871,65.225,0.706,0.87,0.639,0.292,1961268.0,1415188.5,72.15681385715772
G0111,13,GOV01,ECO02,5.234,9.65,0.8,65.303,0.752,0.856,0.502,0.299,1940877.0,1446279.9,74.5168240954991
G0111,14,GOV02,ECO02,5.24,9.677,0.849,65.389,0.745,0.91,0.59,0.298,1919730.0,1519807.1,79.16775275689811
G0111,15,GOV02,ECO01,5.015,9.711,0.815,65.474,0.725,0.923,0.576,0.304,1897643.0,1544925.9,81.41288429910156
G0111,16,GOV01,ECO02,5.054,9.69,0.75,65.56,0.787,0.877,0.605,0.365,1872021.0,1523928.9,81.40554513010271
G0112,2,GOV03,ECO01,7.416,11.031,0.959,71.32,0.96,0.397,0.832,0.197,4660487.0,3847232.2,82.5500038944428
G0112,4,GOV05,ECO01,7.632,11.042,0.936,71.56,0.947,0.503,0.792,0.155,4768097.0,4318465.5,90.57000098781548
G0112,8,GOV03,ECO01,7.678,11.017,0.948,72.24,0.947,0.368,0.823,0.213,5018453.0,4749964.5,94.64997480299208
G0112,10,GOV03,ECO01,7.444,11.024,0.941,72.68,0.956,0.405,0.834,0.194,5137397.0,4947313.5,96.30000367890587
G0112,11,GOV03,ECO01,7.603,11.033,0.947,72.9,0.948,0.299,0.843,0.209,5189777.0,5024240.0,96.81032537621559
G0112,12,GOV03,ECO01,7.596,11.035,0.96,73.0,0.954,0.41,0.85,0.209,5235974.0,5094508.5,97.29820086959943
G0112,13,GOV03,ECO01,7.579,11.05,0.95,73.1,0.953,0.25,0.849,0.203,5276807.0,5084605.0,96.35760792464079
G0112,14,GOV03,ECO01,7.444,11.056,0.966,73.2,0.96,0.268,0.827,0.212,5311751.0,5125397.0,96.49166536609114
G0112,15,GOV03,ECO01,7.442,11.061,0.942,73.3,0.954,0.271,0.823,0.195,5347733.0,5240778.5,98.000002991922
G0112,16,GOV03,ECO01,7.29,11.042,0.956,73.4,0.965,0.271,0.823,0.216,5379275.0,5089201.0,94.60756328687415
G0113,7,GOV00,ECO01,6.853,10.382,,65.5,0.916,,,0.295,3076762.0,1476845.8,48.00000130006806
G0114,1,GOV02,ECO02,5.225,8.218,0.591,54.2,0.63,0.844,,0.237,175453212.0,11110275.0,6.332329213784926
G0114,3,GOV02,ECO02,5.671,8.277,0.479,55.0,0.396,0.794,0.683,0.31,184493231.0,12545540.0,6.80000015827139
G0114,4,GOV02,ECO02,4.414,8.271,0.373,55.4,0.335,0.848,0.655,0.321,189499112.0,13264938.0,7.000000084433113
G0114,5,GOV02,ECO02,5.208,8.277,0.522,55.8,0.388,0.874,0.639,0.349,194376535.0,14578240.0,7.499999935691826
G0114,6,GOV02,ECO02,5.786,8.27,0.571,56.2,0.364,0.852,0.651,0.372,199239048.0,15939124.0,8.000000080305544
G0114,7,GOV02,ECO02,5.267,8.276,0.51,56.42,0.376,0.857,0.628,0.358,203746069.0,16299686.0,8.000000235587367
G0114,8,GOV02,ECO02,5.132,8.289,0.542,56.64,0.367,0.842,0.665,0.332,207667129.0,16821038.0,8.100000265328463
G0114,9,GOV02,ECO02,5.138,8.311,0.607,56.86,0.448,0.792,0.598,0.274,211073979.0,18996658.0,8.99999994788557
G0114,10,GOV06,ECO02,5.436,8.336,0.552,57.08,0.543,0.677,0.585,0.295,214264649.0,21426464.0,9.999999579958708
G0114,11,GOV06,ECO02,4.823,8.361,0.562,57.3,0.587,0.717,0.575,0.329,217290884.0,23901998.0,11.000000349761567
G0114,12,GOV02,ECO02,5.549,8.394,0.627,57.7,0.634,0.793,0.648,0.332,220138863.0,27265182.0,12.385446907663914
G0114,13,GOV06,ECO02,5.831,8.428,0.69,58.1,0.713,0.714,0.586,0.308,223273974.0,30767154.0,13.780000171448554
G0114,14,GOV01,ECO02,5.472,8.464,0.685,58.5,0.773,0.799,0.567,0.377,226928893.0,34810892.0,15.339999917947866
G0114,15,GOV02,ECO02,4.443,8.453,0.617,58.9,0.685,0.776,0.581,0.424,230800908.0,39399796.0,17.070901644806355
G0115,2,GOV02,ECO02,4.716,8.213,0.818,61.78,0.547,0.858,0.497,0.431,3645096.0,671062.2,18.410000724260758
G0115,3,GOV02,ECO02,4.151,8.218,0.712,61.897,0.365,0.844,0.566,0.412,3736694.0,791282.3,21.17599942623078
G0115,4,GOV02,ECO02,4.386,8.276,0.666,62.015,0.358,0.753,0.571,0.403,3829039.0,932677.3,24.35799948759989
G0115,5,GOV02,ECO02,4.47,8.329,0.738,62.132,0.468,0.797,0.544,0.466,3921245.0,1263817.2,32.22999838061636
G0115,6,GOV02,ECO02,4.703,8.383,0.822,62.25,0.504,0.752,0.628,0.381,4016918.0,1502327.4,37.400001692840135
G0115,7,GOV02,ECO02,4.751,8.474,0.751,,0.522,0.75,0.567,0.388,4115912.0,1690816.8,41.08000365411117
G0115,8,GOV06,ECO02,4.647,8.531,0.782,,0.542,0.73,0.616,0.379,4215318.0,1829448.1,43.40000208762423
G0115,9,GOV02,ECO02,4.844,8.489,0.761,,0.454,0.78,0.594,0.365,4315263.0,2010912.5,46.599998655933604
G0115,10,GOV02,ECO02,4.722,8.457,0.775,,0.657,0.804,0.565,0.38,4415887.0,2370006.5,53.66999880205268
G0115,11,GOV02,ECO02,4.695,8.48,0.766,,0.556,0.774,0.594,0.369,4521564.0,2563726.8,56.70000026539489
G0115,12,GOV02,ECO02,4.907,8.498,0.818,,0.608,0.812,0.593,0.378,4632743.0,2775013.2,59.90000308672421
G0115,13,GOV02,ECO02,4.628,8.485,0.824,,0.632,0.831,0.597,0.416,4742747.0,3002158.8,63.29999892467382
G0115,14,GOV02,ECO00,4.554,,0.819,,0.655,0.814,0.61,0.419,4850593.0,3123781.5,64.39999191851388
G0115,15,GOV02,ECO00,4.483,,0.833,,0.653,0.829,0.625,0.4,4957773.0,3501307.2,70.62257993659654
G0116,2,GOV01,ECO01,6.128,9.764,0.951,67.9,0.882,0.912,0.845,0.232,3375024.0,585552.0,17.349565514200787
G0116,3,GOV02,ECO01,6.894,9.859,0.937,68.0,0.64,0.915,0.82,0.149,3437490.0,766216.56,22.290001134548756
G0116,4,GOV02,ECO01,6.931,9.935,0.922,68.1,0.707,0.881,0.819,0.15,3500646.0,1183918.5,33.820000651308355
G0116,5,GOV02,ECO01,7.034,9.93,0.905,68.2,0.721,0.889,0.883,0.144,3564383.0,1392961.0,39.08000346764082
G0116,6,GOV01,ECO01,7.321,9.969,0.928,68.3,0.755,0.88,0.888,0.146,3628537.0,1455043.2,40.099996224373626
G0116,7,GOV01,ECO01,7.248,10.059,0.876,68.5,0.829,0.84,0.885,0.18,3693509.0,1577128.4,42.7000015432479
G0116,8,GOV01,ECO01,6.86,10.135,0.897,68.7,0.783,0.796,0.869,0.207,3759261.0,1515053.4,40.301894441487306
G0116,9,GOV01,ECO01,6.866,10.184,0.896,68.9,0.811,0.814,0.869,0.226,3825333.0,1684294.1,44.029999479783854
G0116,10,GOV01,ECO01,6.631,10.217,0.873,69.1,0.894,0.847,0.808,0.254,3892100.0,1748331.2,44.91999691683153
G0116,11,GOV01,ECO01,6.606,10.255,0.883,69.3,0.847,0.81,0.801,0.264,3960034.0,2027752.2,51.205423993834394
G0116,12,GOV01,ECO01,6.118,10.287,0.882,69.4,0.884,0.837,0.858,0.244,4029085.0,2175706.0,54.000002481953096
G0116,13,GOV01,ECO01,6.568,10.324,0.912,69.5,0.9,0.841,0.833,0.242,4098704.0,2457199.0,59.950633175755065
G0116,14,GOV01,ECO01,6.281,10.343,0.904,69.6,0.861,0.837,0.884,0.223,4167860.0,2575968.0,61.8055308959514
G0116,15,GOV01,ECO01,6.086,10.356,0.886,69.7,0.883,0.869,0.878,0.244,4234698.0,2694471.2,63.62841458824219
G0117,2,GOV02,ECO02,4.73,9.088,0.895,63.62,0.691,0.841,0.816,0.303,5505145.0,438323.72,7.96207402348167
G0117,3,GOV02,ECO02,5.272,9.126,0.863,63.84,0.699,0.93,0.867,0.219,5559385.0,623207.06,11.210000026981403
G0117,4,GOV02,ECO02,5.57,9.174,0.889,64.06,0.649,0.891,0.849,0.259,5613577.0,801057.44,14.270000037409302
G0117,5,GOV02,ECO02,5.576,9.158,0.9,64.28,0.718,0.857,0.832,0.186,5671243.0,1071864.9,18.89999952391389
G0117,6,GOV02,ECO02,5.841,9.25,0.889,64.5,0.726,0.78,0.855,0.176,5737973.0,1136118.6,19.799999058901115
G0117,7,GOV02,ECO02,5.677,9.278,0.869,64.62,0.666,0.756,0.81,0.19,5814632.0,1439907.2,24.763513838880947
G0117,8,GOV02,ECO02,5.82,9.259,0.931,64.74,0.748,0.774,0.837,0.213,5897011.0,1730183.0,29.339999535357826
G0117,9,GOV01,ECO02,5.936,9.326,0.939,64.86,0.909,0.903,0.919,0.224,5982447.0,2207523.0,36.90000095278738
G0117,10,GOV01,ECO02,5.119,9.36,0.959,64.98,0.759,0.762,0.944,0.216,6069819.0,2610022.2,43.00000049424868
G0117,11,GOV01,ECO02,5.56,9.377,0.914,65.1,0.806,0.863,0.866,0.219,6159106.0,3062080.0,49.71630623015743
G0117,12,GOV01,ECO02,5.801,9.406,0.94,65.3,0.854,0.756,0.925,0.197,6249129.0,3337293.0,53.40413039961249
G0117,13,GOV01,ECO02,5.713,9.441,0.902,65.5,0.891,0.81,0.903,0.232,6338658.0,3871383.2,61.07575452090963
G0117,15,GOV01,ECO02,5.653,9.448,0.892,65.9,0.876,0.882,0.858,0.275,6515059.0,4463964.0,68.51762969452771
G0118,2,GOV02,ECO02,4.811,8.989,0.875,65.34,0.668,0.895,0.697,0.42,28324488.0,5863169.0,20.699999943511777
G0118,3,GOV02,ECO02,5.214,9.063,0.756,65.58,0.638,0.931,0.758,0.361,28530704.0,7189737.5,25.200000322459623
G0118,4,GOV02,ECO02,5.129,9.142,0.777,65.82,0.638,0.896,0.763,0.354,28719038.0,8779410.0,30.5700002903997
G0118,5,GOV02,ECO02,5.519,9.145,0.799,66.06,0.638,0.88,0.811,0.32,28896819.0,9073601.0,31.399999425542305
G0118,6,GOV01,ECO02,5.613,9.217,0.812,66.3,0.757,0.881,0.8,0.33,29086021.0,10113210.0,34.77000171319411
G0118,7,GOV01,ECO02,5.892,9.27,0.756,66.48,0.773,0.824,0.78,0.331,29304083.0,10552400.0,36.00999901617805
G0118,8,GOV02,ECO02,5.825,9.322,0.764,66.66,0.703,0.867,0.757,0.398,29550367.0,11288240.0,38.19999934349377
G0118,9,GOV02,ECO02,5.783,9.369,0.797,66.84,0.703,0.87,0.778,0.39,29817908.0,11688620.0,39.20000021463612
G0118,10,GOV02,ECO02,5.866,9.382,0.819,67.02,0.722,0.878,0.759,0.319,30115825.0,12106562.0,40.20000116217968
G0118,11,GOV01,ECO02,5.577,9.402,0.798,67.2,0.802,0.884,0.754,0.378,30457598.0,12442721.0,40.852601048841734
G0118,12,GOV01,ECO02,5.701,9.426,0.803,67.5,0.83,0.866,0.822,0.338,30866497.0,14032447.0,45.46174125298378
G0118,13,GOV01,ECO02,5.711,9.434,0.83,67.8,0.827,0.895,0.789,0.394,31324639.0,15803410.0,50.450413810036245
G0118,14,GOV01,ECO02,5.68,9.456,0.845,68.1,0.83,0.906,0.809,0.38,31897590.0,17561006.0,55.05433482592259
G0118,15,GOV01,ECO02,5.999,9.461,0.809,68.4,0.815,0.874,0.82,0.375,32449302.0,19453520.0,59.950503711913434
G0119,2,GOV01,ECO02,4.67,8.562,0.795,59.8,0.828,0.841,0.832,,89508992.0,5138341.0,5.7405863759475695
G0119,3,GOV01,ECO02,5.074,8.608,0.801,60.0,0.852,0.88,0.784,0.378,91075180.0,5437188.0,5.9699997298934795
G0119,4,GOV01,ECO02,4.589,8.634,0.798,60.2,0.861,0.817,0.805,0.384,92699091.0,5765883.5,6.220000042934617
G0119,5,GOV01,ECO02,4.88,8.632,0.775,60.4,0.874,0.805,0.846,0.311,94384256.0,8494583.0,8.99999995762005
G0119,6,GOV01,ECO02,4.942,8.686,0.805,60.6,0.893,0.812,0.876,0.294,96337127.0,24084282.0,25.000000259505352
G0119,7,GOV01,ECO02,4.994,8.707,0.789,60.8,0.883,0.783,0.851,0.358,98248614.0,28492098.0,28.999999938930436
G0119,8,GOV01,ECO02,5.002,8.756,0.813,61.0,0.914,0.771,0.865,0.351,100175511.0,30854056.0,30.799998614431825
G0119,9,GOV01,ECO02,4.977,8.805,0.846,61.2,0.907,0.756,0.799,0.332,102076334.0,33378962.0,32.700000766093346
G0119,10,GOV01,ECO02,5.313,8.85,0.813,61.4,0.902,0.787,0.813,0.334,103767127.0,36007190.0,34.699997042415944
G0119,11,GOV01,ECO02,5.547,8.896,0.854,61.6,0.912,0.755,0.805,0.351,105312988.0,38860496.0,36.9000032550591
G0119,12,GOV01,ECO02,5.431,8.95,0.821,61.7,0.908,0.792,0.821,0.29,106735721.0,41840404.0,39.20000128167027
G0119,13,GOV05,ECO02,5.594,9.002,0.851,61.8,0.926,0.711,0.769,0.341,108119691.0,44977788.0,41.599996803542474
G0119,14,GOV05,ECO02,5.869,9.05,0.846,61.9,0.918,0.726,0.773,0.393,109465284.0,48274188.0,44.09999795003501
G0119,15,GOV05,ECO02,6.268,9.095,0.845,62.0,0.91,0.748,0.781,0.341,110804685.0,47675500.0,43.02661029179407
G0119,16,GOV05,ECO02,5.08,9.061,0.781,62.1,0.932,0.744,0.804,0.327,112081270.0,52803624.0,47.11190727942323
G0120,1,GOV01,ECO01,5.587,9.849,0.922,66.3,0.782,0.983,0.715,0.282,38124377.0,14796071.0,38.81000075096309
G0120,3,GOV01,ECO01,5.886,9.978,0.913,66.7,0.772,0.925,0.76,0.238,38020420.0,18477924.0,48.59999968438013
G0120,5,GOV01,ECO01,5.772,10.047,0.917,67.1,0.821,0.898,0.69,0.246,38002153.0,22409870.0,58.970000989154485
G0120,6,GOV01,ECO01,5.887,10.085,0.955,67.3,0.795,0.905,0.737,0.234,38095356.0,23741026.0,62.32000036959886
G0120,7,GOV01,ECO01,5.646,10.133,0.905,67.46,0.868,0.908,0.725,0.224,38208644.0,23670256.0,61.95000272713159
G0120,8,GOV01,ECO01,5.876,10.149,0.936,67.62,0.811,0.888,0.787,0.267,38247867.0,23832244.0,62.30999495998038
G0120,9,GOV01,ECO01,5.746,10.164,0.912,67.78,0.776,0.916,0.784,0.242,38259267.0,24045644.0,62.84920199856416
G0120,10,GOV01,ECO01,5.75,10.197,0.924,67.94,0.875,0.898,0.777,0.223,38265113.0,25484564.0,66.59999671241007
G0120,11,GOV01,ECO01,6.007,10.235,0.893,68.1,0.793,0.81,0.734,0.24,38266314.0,26019940.0,67.99698554713162
G0120,12,GOV01,ECO01,6.162,10.266,0.917,68.5,0.871,0.848,0.777,0.224,38263260.0,28047240.0,73.30070673539055
G0120,13,GOV05,ECO01,6.201,10.314,0.882,68.9,0.831,0.639,0.677,0.203,38254964.0,29068174.0,75.98536493198634
G0120,14,GOV05,ECO01,6.111,10.366,0.863,69.3,0.87,0.72,0.742,0.176,38241070.0,29652788.0,77.54173196513591
G0120,15,GOV05,ECO01,6.242,10.407,0.878,69.7,0.883,0.696,0.725,0.168,38225884.0,30747336.0,80.43590568108249
G0120,16,GOV01,ECO01,6.139,10.371,0.953,70.1,0.767,0.787,0.76,0.329,38171005.0,31752508.0,83.18488863471109
G0121,2,GOV01,ECO01,5.405,10.36,0.905,69.84,0.882,0.88,0.709,0.333,10524123.0,4000219.0,38.009998552848536
G0121,4,GOV02,ECO01,5.717,10.384,0.886,70.32,0.646,0.933,0.703,0.309,10564086.0,4661931.5,44.13000329607313
G0121,6,GOV02,ECO01,5.095,10.368,0.864,70.8,0.721,0.948,0.742,0.265,10578659.0,5638425.0,53.29999766511048
G0121,7,GOV01,ECO01,5.22,10.353,0.856,71.0,0.875,0.962,0.725,0.279,10557050.0,5832769.5,55.249994079785544
G0121,8,GOV01,ECO01,4.994,10.315,0.866,71.2,0.774,0.959,0.729,0.37,10513155.0,6343637.5,60.33999784080041
G0121,9,GOV01,ECO01,5.158,10.312,0.867,71.4,0.788,0.946,0.7,0.348,10458287.0,6494136.0,62.0955994036117
G0121,10,GOV01,ECO01,5.127,10.325,0.862,71.6,0.847,0.941,0.705,0.358,10406203.0,6721366.0,64.58999502508263
G0121,11,GOV01,ECO01,5.081,10.347,0.866,71.8,0.8,0.941,0.657,0.371,10370264.0,7117408.5,68.63285736987989
G0121,12,GOV01,ECO01,5.447,10.37,0.905,72.0,0.838,0.922,0.684,0.326,10346377.0,7286288.0,70.42356952583499
G0121,13,GOV01,ECO01,5.711,10.407,0.9,72.2,0.905,0.881,0.649,0.294,10330838.0,7623251.0,73.79121616271594
G0121,14,GOV01,ECO01,5.92,10.434,0.887,72.4,0.877,0.88,0.679,0.318,10325355.0,7709009.5,74.66096323080417
G0121,15,GOV01,ECO01,6.095,10.457,0.876,72.6,0.882,0.915,0.71,0.3,10343218.0,7793240.0,75.34637672724291
G0121,16,GOV01,ECO01,5.768,10.371,0.875,72.8,0.913,0.867,0.648,0.383,10370519.0,8116140.0,78.26165691418144
G0122,5,GOV03,ECO01,6.418,11.456,0.894,66.58,0.865,0.184,0.678,0.258,1586052.0,842193.56,53.09999672141897
G0122,6,GOV00,ECO01,6.85,11.52,,66.7,,,,,1709238.0,1179374.2,68.99999882988794
G0122,7,GOV00,ECO01,6.592,11.553,0.857,67.02,0.905,,0.761,0.328,1810960.0,1249562.4,68.99999999999999
G0122,8,GOV00,ECO01,6.611,11.523,0.838,67.34,0.924,,0.766,0.322,1907122.0,1321635.6,69.30000283149165
G0122,11,GOV00,ECO01,6.375,11.486,,68.3,,,,,2427340.0,2254630.5,92.88482454044345
G0123,1,GOV01,ECO01,5.049,9.724,0.838,64.0,0.8,0.957,0.642,0.346,21213395.0,4560880.0,21.5000003535502
G0123,3,GOV02,ECO01,5.394,9.892,0.736,64.48,0.686,0.949,0.644,0.277,20870714.0,5906412.0,28.299999702933018
G0123,5,GOV02,ECO01,5.368,9.949,0.812,64.96,0.606,0.967,0.548,0.27,20576922.0,7531153.0,36.599997803364374
G0123,6,GOV02,ECO01,4.909,9.915,0.689,65.2,0.566,0.974,0.596,0.344,20432575.0,8158727.5,39.930001480479085
G0123,7,GOV02,ECO01,5.023,9.94,0.753,65.42,0.65,0.964,0.543,0.294,20282009.0,8114831.5,40.00999851641916
G0123,8,GOV02,ECO01,5.167,9.965,0.74,65.64,0.645,0.959,0.556,0.343,20158451.0,9248696.0,45.879993457830665
G0123,9,GOV02,ECO01,5.082,10.004,0.778,65.86,0.655,0.952,0.64,0.329,20062913.0,9984208.0,49.764498305904034
G0123,10,GOV01,ECO01,5.727,10.041,0.753,66.08,0.754,0.958,0.654,0.331,19968179.0,10798792.0,54.08000399034884
G0123,11,GOV01,ECO01,5.777,10.083,0.787,66.3,0.796,0.962,0.714,0.312,19871018.0,11080707.0,55.76315717694987
G0123,12,GOV01,ECO01,5.969,10.136,0.809,66.6,0.822,0.949,0.694,0.258,19777049.0,11768126.0,59.503953294548644
G0123,13,GOV01,ECO01,6.09,10.211,0.811,66.9,0.839,0.926,0.734,0.231,19689405.0,12551461.0,63.74728438975175
G0123,14,GOV01,ECO01,6.151,10.26,0.818,67.2,0.845,0.921,0.735,0.298,19597874.0,13852027.0,70.68127389736254
G0123,15,GOV01,ECO01,6.13,10.306,0.842,67.5,0.848,0.954,0.697,0.244,19501542.0,14364344.0,73.65747795738409
G0124,2,GOV02,ECO01,4.964,9.991,0.895,58.68,0.643,0.935,0.611,0.232,144102948.0,25972074.0,18.02327735862836
G0124,3,GOV02,ECO01,5.223,10.074,0.885,59.26,0.593,0.933,0.623,0.193,143859767.0,35475820.0,24.66000101334795
G0124,4,GOV02,ECO01,5.619,10.125,0.882,59.84,0.643,0.924,0.594,0.166,143811837.0,46019788.0,32.00000011125649
G0124,5,GOV02,ECO01,5.158,10.044,0.908,60.42,0.617,0.954,0.566,0.169,143869128.0,61216310.0,42.54999724471813
G0124,6,GOV02,ECO01,5.385,10.087,0.909,61.0,0.613,0.937,0.589,0.171,143934468.0,70527890.0,49.00000047243722
G0124,7,GOV02,ECO01,5.389,10.129,0.883,61.42,0.626,0.935,0.601,0.165,144043751.0,83545380.0,58.00000306851215
G0124,8,GOV02,ECO01,5.621,10.166,0.901,61.84,0.609,0.938,0.611,0.174,144291025.0,95232080.0,66.00000242565329
G0124,9,GOV02,ECO01,5.537,10.182,0.881,62.26,0.661,0.934,0.68,0.18,144604105.0,98287410.0,67.96999988347496
G0124,10,GOV02,ECO01,6.037,10.171,0.932,62.68,0.744,0.869,0.688,0.151,144925639.0,102201550.0,70.51999267017204
G0124,11,GOV02,ECO01,5.996,10.149,0.924,63.1,0.685,0.913,0.679,0.13,145307612.0,101859540.0,70.09924572981078
G0124,12,GOV02,ECO01,5.855,10.149,0.911,63.5,0.714,0.925,0.636,0.142,145778668.0,106551730.0,73.09144160927578
G0124,13,GOV02,ECO01,5.579,10.166,0.896,63.9,0.731,0.862,0.71,0.195,146186798.0,111113864.0,76.00813857349827
G0124,14,GOV02,ECO01,5.514,10.191,0.909,64.3,0.729,0.865,0.673,0.199,146430146.0,118410340.0,80.86472849654879
G0124,15,GOV02,ECO01,5.441,10.205,0.91,64.7,0.715,0.848,0.691,0.2,146533063.0,121098090.0,82.64216110735363
G0124,16,GOV02,ECO01,5.495,10.162,0.887,65.1,0.714,0.823,0.645,0.19,146371295.0,124407790.0,84.99466374195842
G0125,2,GOV03,ECO02,4.215,7.111,0.718,49.88,0.915,0.299,0.735,0.189,9299251.0,,
G0125,4,GOV03,ECO02,4.363,7.239,0.486,53.04,0.752,0.286,0.643,0.221,9804268.0,441192.06,4.5
G0125,5,GOV03,ECO02,4.03,7.273,0.559,54.62,0.766,0.41,0.678,0.112,10060438.0,774653.7,7.699999741561948
G0125,7,GOV03,ECO02,4.097,7.369,0.57,56.82,0.829,0.161,0.665,0.154,10573742.0,740161.94,7.0
G0125,8,GOV03,ECO02,3.333,7.428,0.637,57.44,0.835,0.081,0.703,0.132,10829904.0,868975.7,8.023854135733798
G0125,9,GOV03,ECO02,3.466,7.449,0.75,58.06,0.904,0.117,0.76,0.167,11093340.0,998400.6,9.0
G0125,10,GOV03,ECO02,3.596,7.484,0.748,58.68,0.894,0.078,0.763,0.134,11364758.0,1204664.4,10.600000457554836
G0125,11,GOV03,ECO02,3.483,7.544,0.678,59.3,0.908,0.095,0.721,0.206,11640026.0,1455003.2,12.499999570447695
G0125,12,GOV03,ECO02,3.333,7.576,0.665,59.9,0.911,0.159,0.752,0.285,11919183.0,1740200.8,14.600000687966617
G0125,13,GOV03,ECO02,3.108,7.588,0.517,60.5,0.908,0.214,0.762,0.358,12202062.0,2098754.8,17.200001114565715
G0125,14,GOV03,ECO02,3.561,7.644,0.616,61.1,0.924,0.164,0.793,0.308,12488000.0,2397696.0,19.2
G0125,15,GOV03,ECO02,3.268,7.708,0.489,61.7,0.869,0.168,0.736,0.418,12776102.0,2728721.0,21.358008882521446
G0126,1,GOV00,ECO01,7.08,10.699,0.868,63.5,,0.505,0.73,0.243,20559886.0,2612141.0,12.705036399520893
G0126,3,GOV00,ECO01,7.267,10.689,0.892,63.86,0.622,,0.772,0.232,22368313.0,6710494.0,30.000000447060984
G0126,4,GOV06,ECO01,6.811,10.722,0.823,64.04,0.532,0.508,0.71,0.202,23287884.0,8383638.0,35.99999896942118
G0126,5,GOV04,ECO01,6.148,10.673,0.921,64.22,0.639,0.445,0.742,0.319,24217656.0,9202709.0,37.999998843818744
G0126,6,GOV00,ECO01,6.307,10.693,0.88,64.4,0.678,,0.645,0.297,25157134.0,10314425.0,41.00000023850094
G0126,7,GOV00,ECO01,6.7,10.758,0.83,64.6,0.603,,0.726,0.24,26105636.0,12400177.0,47.499999616940954
G0126,8,GOV00,ECO01,6.396,10.779,0.867,64.8,0.56,,0.715,0.225,27062447.0,14613721.0,53.999998595840204
G0126,9,GOV00,ECO01,6.495,10.776,0.827,65.0,0.661,,0.744,0.276,28026825.0,16956230.0,60.500003122009005
G0126,10,GOV00,ECO01,6.278,10.783,0.818,65.2,0.762,,0.705,0.313,28998127.0,18765748.0,64.71365547161028
G0126,11,GOV00,ECO01,6.345,10.798,0.82,65.4,0.82,,0.724,0.327,29974944.0,20867428.0,69.61623681432066
G0126,12,GOV00,ECO01,6.474,10.792,0.89,65.7,0.774,,0.793,0.266,30717804.0,23001268.0,74.87927196879048
G0126,13,GOV00,ECO01,6.294,10.764,0.84,66.0,0.814,,0.775,0.306,30782400.0,28989510.0,94.17560034305318
G0126,14,GOV00,ECO01,6.356,10.771,0.868,66.3,0.855,,0.764,0.288,30365119.0,28333694.0,93.31000481177104
G0126,15,GOV00,ECO01,6.561,10.757,0.912,66.6,0.891,,0.732,0.238,30472809.0,29170016.0,95.7247361081809
G0126,16,GOV00,ECO01,6.56,10.701,0.89,66.9,0.884,,0.754,0.251,30991206.0,30328718.0,97.86233552834311
G0127,2,GOV02,ECO02,4.417,7.881,0.76,53.38,0.736,0.805,0.74,0.225,11500094.0,645355.25,5.6117389127428
G0127,3,GOV02,ECO02,4.68,7.903,0.718,54.06,0.698,0.827,0.714,0.199,11770348.0,810976.94,6.8899996839515705
G0127,4,GOV02,ECO02,4.683,7.916,0.756,54.74,0.612,0.879,0.673,0.252,12048963.0,857886.1,7.119999455554805
G0127,5,GOV02,ECO02,4.335,7.909,0.81,55.42,0.557,0.918,0.757,0.228,12337390.0,925304.25,7.5
G0127,6,GOV01,ECO02,4.372,7.917,0.76,56.1,0.777,0.851,0.769,0.143,12635418.0,1010833.44,8.0
G0127,7,GOV02,ECO02,3.834,7.904,0.602,56.56,0.641,0.87,0.752,0.18,12958902.0,1269972.4,9.800000030866812
G0127,8,GOV02,ECO02,3.669,7.926,0.711,57.02,0.668,0.852,0.771,0.214,13310499.0,1437533.9,10.800000060102931
G0127,9,GOV02,ECO02,3.647,7.926,0.823,57.48,0.636,0.837,0.68,0.165,13710857.0,1796122.4,13.100000970034186
G0127,10,GOV06,ECO02,4.395,7.961,0.856,57.94,0.692,0.7,0.725,0.157,14152103.0,2504922.2,17.699999780951284
G0127,11,GOV02,ECO02,4.617,7.995,0.702,58.4,0.72,0.765,0.711,0.208,14593335.0,3166753.8,21.70000071950654
G0127,12,GOV02,ECO02,4.595,8.029,0.839,58.8,0.744,0.794,0.784,0.245,15034517.0,3858574.0,25.664768612121026
G0127,13,GOV02,ECO02,4.683,8.072,0.744,59.2,0.687,0.825,0.746,0.291,15475001.0,4587273.5,29.643122478635057
G0127,14,GOV02,ECO02,4.769,8.106,0.739,59.6,0.629,0.805,0.714,0.247,15914495.0,5617816.5,35.29999852335874
G0127,15,GOV01,ECO02,5.489,8.13,0.688,60.0,0.759,0.796,0.789,0.332,16352926.0,5925748.5,36.23662517643631
G0128,3,GOV02,ECO02,4.75,9.532,0.844,65.6,0.453,0.905,0.576,0.334,7482996.0,2480613.2,33.150000347454416
G0128,5,GOV02,ECO02,4.38,9.568,0.77,66.0,0.373,0.961,0.544,0.435,7425346.0,2829056.8,38.099999649847966
G0128,6,GOV02,ECO02,4.461,9.579,0.726,66.2,0.463,0.965,0.532,0.415,7395872.0,3024911.8,40.900002055200524
G0128,7,GOV02,ECO02,4.815,9.607,0.773,66.36,0.44,0.977,0.545,0.41,7364858.0,3107970.2,42.200001683671296
G0128,8,GOV02,ECO02,5.155,9.605,0.819,66.52,0.461,0.952,0.514,0.371,7324624.0,3523144.0,48.09999803402878
G0128,9,GOV02,ECO02,5.102,9.638,0.828,66.68,0.533,0.908,0.529,0.403,7276183.0,3889146.2,53.450362642061094
G0128,10,GOV02,ECO02,5.113,9.627,0.783,66.84,0.532,0.912,0.498,0.326,7227203.0,4486292.0,62.07507939101752
G0128,11,GOV02,ECO02,5.318,9.649,0.816,67.0,0.546,0.859,0.496,0.303,7177257.0,4687970.5,65.31702153064883
G0128,12,GOV02,ECO02,5.753,9.688,0.895,67.4,0.614,0.89,0.535,0.298,7126083.0,4778526.0,67.05683893942857
G0128,13,GOV02,ECO01,5.122,9.713,0.884,67.8,0.685,0.851,0.51,0.326,7073507.0,4974856.5,70.33083447856912
G0128,14,GOV02,ECO01,5.936,9.762,0.853,68.2,0.74,0.864,0.559,0.296,7020014.0,5149932.0,73.36070839744764
G0128,15,GOV01,ECO01,6.241,9.808,0.903,68.6,0.753,0.813,0.509,0.242,6966155.0,5392972.5,77.4167743898894
G0128,16,GOV01,ECO01,6.042,9.788,0.852,69.0,0.843,0.824,0.603,0.358,6907814.0,5413519.0,78.3680481263682
G0129,2,GOV02,ECO02,3.628,7.136,0.561,40.3,0.679,0.836,0.505,0.381,5624464.0,12805.187,0.22766946325907678
G0129,3,GOV02,ECO02,3.585,7.187,0.686,41.2,0.72,0.83,0.582,0.29,5749353.0,13788.943,0.23983469096435717
G0129,4,GOV02,ECO02,2.997,7.215,0.591,42.1,0.716,0.925,0.534,0.37,5894728.0,14736.82,0.25
G0129,6,GOV02,ECO02,4.134,7.254,0.812,43.9,0.726,0.91,0.514,0.29,6222715.0,36091.746,0.5799999839298441
G0129,7,GOV01,ECO02,4.502,7.292,0.782,44.32,0.77,0.855,0.446,0.3,6387258.0,57485.32,0.8999999686876591
G0129,9,GOV02,ECO02,4.514,7.577,0.708,45.16,0.72,0.856,0.521,0.423,6714057.0,268562.28,4.000000000000001
G0129,10,GOV02,ECO02,4.5,7.6,0.869,45.58,0.681,0.786,0.57,0.334,6876385.0,416523.22,6.057299293160578
G0129,11,GOV02,ECO02,4.909,7.347,0.611,46.0,0.624,0.825,0.625,0.414,7037660.0,446498.8,6.344421299124993
G0129,12,GOV02,ECO02,4.733,7.384,0.657,47.6,0.681,0.863,0.584,0.456,7205339.0,848297.9,11.77318513396802
G0129,13,GOV02,ECO02,4.09,7.404,0.652,49.2,0.711,0.848,0.6,0.495,7379300.0,976792.8,13.236930332145326
G0129,14,GOV02,ECO02,4.306,7.417,0.65,50.8,0.716,0.856,0.552,0.466,7554568.0,1193621.8,15.80000074127336
G0129,15,GOV02,ECO02,3.447,7.449,0.611,52.4,0.718,0.874,0.513,0.438,7731994.0,1298974.9,16.799998810138753
G0130,2,GOV00,ECO01,6.463,11.168,0.904,73.6,0.757,,0.751,0.267,4407064.0,2600167.8,59.00000090763374
G0130,3,GOV03,ECO01,6.834,11.212,0.921,73.9,0.867,0.064,0.7,0.114,4596516.0,3212964.8,69.90000252365053
G0130,4,GOV04,ECO01,6.642,11.178,0.845,74.2,0.661,0.066,0.721,0.256,4806742.0,3316652.0,69.00000041608224
G0130,5,GOV03,ECO01,6.145,11.149,0.866,74.5,0.776,0.035,0.5,0.208,4968574.0,3428316.0,68.99999879241005
G0130,6,GOV03,ECO01,6.531,11.267,0.864,74.8,0.846,0.06,0.602,0.131,5077020.0,3604684.2,71.0
G0130,7,GOV03,ECO01,6.561,11.307,0.904,75.02,0.822,0.099,0.483,0.144,5182242.0,3679391.8,70.99999961406665
G0130,9,GOV03,ECO01,6.533,11.357,0.808,75.46,0.827,0.242,0.77,0.148,5385589.0,4357052.0,80.9020517532994
G0130,10,GOV03,ECO01,7.062,11.383,0.822,75.68,0.835,0.133,0.841,0.18,5457899.0,4480935.0,82.09999855255658
G0130,11,GOV03,ECO01,6.62,11.4,0.866,75.9,0.887,0.099,0.803,0.142,5525343.0,4597085.0,83.1999931949926
G0130,12,GOV03,ECO01,6.033,11.419,0.925,76.2,0.904,0.047,0.824,0.111,5577936.0,4710693.5,84.45226872448877
G0130,13,GOV03,ECO01,6.378,11.461,0.897,76.5,0.926,0.162,0.8,0.179,5604087.0,4732778.5,84.4522667117766
G0130,14,GOV03,ECO01,6.375,11.49,0.903,76.8,0.916,0.097,0.787,0.107,5634366.0,4967574.5,88.16563389740745
G0130,15,GOV03,ECO01,6.378,11.486,0.925,77.1,0.938,0.07,0.723,0.138,5669562.0,5043033.0,88.94925216445291
G0131,2,GOV02,ECO01,5.265,10.015,0.954,66.0,0.542,0.946,0.678,0.308,5376847.0,3015336.0,56.08000376428788
G0131,6,GOV02,ECO01,6.052,10.169,0.92,66.8,0.636,0.907,0.666,0.277,5391857.0,4082175.0,75.71000121108553
G0131,7,GOV02,ECO01,5.945,10.196,0.917,67.04,0.727,0.907,0.637,0.287,5398105.0,4018349.0,74.43999329394296
G0131,8,GOV02,ECO01,5.911,10.213,0.926,67.28,0.62,0.907,0.656,0.302,5404877.0,4146080.8,76.70999358542295
G0131,9,GOV02,ECO01,5.937,10.218,0.909,67.52,0.598,0.915,0.698,0.277,5410422.0,4213777.5,77.88260324240882
G0131,10,GOV02,ECO01,6.139,10.244,0.924,67.76,0.635,0.914,0.703,0.267,5415238.0,4331107.5,79.98000272564198
G0131,11,GOV02,ECO01,6.162,10.291,0.943,68.0,0.587,0.928,0.714,0.269,5420278.0,4208015.5,77.6346803614132
G0131,12,GOV02,ECO01,5.993,10.31,0.945,68.3,0.7,0.917,0.774,0.232,5427262.0,4367636.0,80.47586425715214
G0131,13,GOV02,ECO01,6.366,10.339,0.913,68.6,0.714,0.92,0.788,0.213,5435702.0,4436928.0,81.62566674920737
G0131,14,GOV01,ECO01,6.235,10.376,0.922,68.9,0.758,0.91,0.754,0.253,5443229.0,4379019.0,80.44892103565732
G0131,15,GOV01,ECO01,6.243,10.398,0.933,69.2,0.771,0.926,0.75,0.252,5450627.0,4516044.0,82.85366068894459
G0131,16,GOV01,ECO01,6.519,10.332,0.954,69.5,0.762,0.901,0.764,0.274,5455028.0,4905210.5,89.92090416401162
G0132,2,GOV05,ECO01,5.811,10.403,0.936,68.0,0.936,0.708,0.652,0.307,2003116.0,1081882.9,54.00999742401338
G0132,5,GOV01,ECO01,5.83,10.41,0.919,68.9,0.896,0.804,0.641,0.303,2035610.0,1302790.4,63.99999999999999
G0132,6,GOV01,ECO01,6.083,10.419,0.917,69.2,0.896,0.845,0.671,0.295,2044611.0,1431227.8,70.0000048909059
G0132,7,GOV01,ECO01,6.036,10.426,0.931,69.4,0.907,0.893,0.652,0.285,2048805.0,1379665.2,67.33999575362223
G0132,8,GOV01,ECO01,6.063,10.397,0.925,69.6,0.904,0.891,0.656,0.284,2053322.0,1403445.1,68.34997628233663
G0132,9,GOV01,ECO01,5.975,10.385,0.932,69.8,0.89,0.918,0.635,0.274,2056452.0,1494538.8,72.67559855518145
G0132,10,GOV01,ECO01,5.678,10.412,0.908,70.0,0.888,0.909,0.62,0.291,2058395.0,1473604.9,71.58999608918599
G0132,11,GOV01,ECO01,5.741,10.433,0.901,70.2,0.896,0.892,0.659,0.261,2059946.0,1505793.0,73.09866375137989
G0132,12,GOV01,ECO01,5.937,10.463,0.934,70.5,0.904,0.838,0.626,0.272,2061379.0,1556310.4,75.49850852269282
G0132,13,GOV01,ECO01,6.167,10.509,0.928,70.8,0.921,0.829,0.615,0.286,2062410.0,1626941.0,78.88543015210361
G0132,14,GOV01,ECO01,6.249,10.546,0.941,71.1,0.942,0.839,0.644,0.275,2069484.0,1650413.0,79.74997632260022
G0132,15,GOV01,ECO01,6.665,10.563,0.949,71.4,0.945,0.785,0.679,0.228,2083438.0,1731511.1,83.1083574361224
G0132,16,GOV01,ECO01,6.462,10.478,0.953,71.7,0.958,0.797,0.61,0.314,2102421.0,1820724.0,86.60130392533179
G0133,10,GOV03,ECO00,5.528,,0.611,49.6,0.874,0.456,0.834,0.207,13339497.0,217433.8,1.629999991753812
G0133,11,GOV03,ECO00,5.354,,0.599,50.1,0.968,0.41,0.901,0.187,13806969.0,243002.66,1.7600000405592278
G0133,12,GOV03,ECO00,4.668,,0.594,50.0,0.917,0.441,0.891,0.193,14348741.0,269756.34,1.880000064117124
G0134,5,GOV06,ECO00,4.991,,0.88,,0.746,0.513,0.819,0.112,,,
G0134,6,GOV03,ECO00,4.657,,0.829,,0.82,0.471,0.769,0.083,,,
G0134,7,GOV03,ECO00,4.931,,0.788,,0.858,0.357,0.749,0.122,,,
G0134,8,GOV03,ECO00,5.057,,0.786,,0.758,0.334,0.735,0.152,,,
G0135,2,GOV00,ECO02,5.084,9.386,0.913,48.02,0.649,,0.802,0.223,49998271.0,3803438.2,7.60713945488235
G0135,3,GOV02,ECO02,5.204,9.426,0.788,48.64,0.69,0.859,0.735,0.21,50528575.0,4075319.2,8.065375285172795
G0135,4,GOV02,ECO02,5.346,9.444,0.81,49.26,0.749,0.866,0.773,0.206,51114595.0,4308960.5,8.430000276828956
G0135,5,GOV02,ECO02,5.218,9.414,0.877,49.88,0.739,0.904,0.727,0.231,51728518.0,5172852.0,10.000000386633927
G0135,6,GOV02,ECO02,4.652,9.43,0.917,50.5,0.739,0.791,0.794,0.124,52344047.0,12562571.0,23.99999946507766
G0135,7,GOV01,ECO02,4.931,9.447,0.858,51.46,0.835,0.819,0.763,0.23,52995212.0,18002474.0,33.97000091253527
G0135,8,GOV02,ECO02,5.134,9.453,0.907,52.42,0.59,0.838,0.761,0.178,53782570.0,22050854.0,41.000000557801535
G0135,9,GOV02,ECO02,3.661,9.461,0.839,53.38,0.714,0.8,0.773,0.167,54678789.0,25425636.0,46.49999838145647
G0135,10,GOV01,ECO02,4.828,9.464,0.881,54.34,0.794,0.82,0.798,0.243,55594840.0,27241472.0,49.00000071949123
G0135,11,GOV01,ECO02,4.887,9.46,0.898,55.3,0.862,0.853,0.781,0.161,56723536.0,29450360.0,51.919118723487195
G0135,12,GOV01,ECO02,4.77,9.45,0.875,55.7,0.774,0.813,0.786,0.301,57259550.0,30920156.0,53.99999825356644
G0135,13,GOV01,ECO02,4.514,9.45,0.87,56.1,0.787,0.865,0.785,0.268,57635158.0,32372166.0,56.167393520461935
G0135,14,GOV01,ECO02,4.884,9.444,0.841,56.5,0.753,0.841,0.812,0.283,58613001.0,36574510.0,62.39999552317753
G0135,15,GOV02,ECO02,5.035,9.432,0.848,56.9,0.738,0.82,0.801,0.268,59587880.0,41530892.0,69.6968779557185
G0135,16,GOV01,ECO02,4.947,9.332,0.891,57.3,0.757,0.912,0.82,0.294,60562374.0,42587652.0,70.32031472214085
G0136,2,GOV02,ECO01,5.332,10.31,0.775,70.2,0.715,0.799,0.651,0.338,48006518.0,37493090.0,78.09999883765784
G0136,3,GOV02,ECO01,5.767,10.361,0.827,70.5,0.656,0.803,0.69,0.226,48178122.0,37964360.0,78.7999997177142
G0136,4,GOV02,ECO01,5.39,10.383,0.754,70.8,0.524,0.771,0.643,0.239,48356485.0,39168750.0,80.99999410627137
G0136,5,GOV02,ECO01,5.648,10.386,0.811,71.1,0.6,0.787,0.697,0.209,48546690.0,39614100.0,81.60000197747776
G0136,6,GOV02,ECO01,6.116,10.447,0.816,71.4,0.677,0.752,0.662,0.13,48769329.0,40819930.0,83.70000333611316
G0136,7,GOV02,ECO01,6.947,10.475,0.809,71.66,0.682,0.827,0.656,0.168,49127640.0,41148876.0,83.7591140140255
G0136,8,GOV02,ECO01,6.003,10.494,0.775,71.92,0.618,0.844,0.664,0.206,49599580.0,41698370.0,84.07000623795605
G0136,9,GOV02,ECO01,5.959,10.52,0.797,72.18,0.642,0.832,0.676,0.189,50071168.0,42445330.0,84.77000177028026
G0136,10,GOV02,ECO01,5.801,10.546,0.738,72.44,0.623,0.834,0.653,0.283,50539055.0,44250390.0,87.55682115544107
G0136,11,GOV02,ECO01,5.78,10.568,0.768,72.7,0.616,0.841,0.65,0.244,50983909.0,45832624.0,89.8962533453447
G0136,12,GOV02,ECO01,5.971,10.593,0.811,73.0,0.591,0.862,0.676,0.233,51297836.0,47626464.0,92.84302753044008
G0136,13,GOV02,ECO01,5.874,10.621,0.807,73.3,0.538,0.851,0.623,0.235,51486268.0,48947696.0,95.06941928671155
G0136,14,GOV02,ECO01,5.84,10.643,0.798,73.6,0.6,0.797,0.661,0.217,51640894.0,49587064.0,96.0228612618519
G0136,15,GOV06,ECO01,5.903,10.661,0.783,73.9,0.706,0.718,0.684,0.236,51767844.0,49778704.0,96.15757612003313
G0136,16,GOV06,ECO01,5.793,10.648,0.808,74.2,0.711,0.665,0.64,0.247,51858481.0,50046056.0,96.50505574970467
G0137,10,GOV06,ECO00,3.832,,0.545,49.84,0.567,0.742,0.614,0.428,11235071.0,292111.84,2.5999999465957986
G0137,11,GOV06,ECO00,4.071,,0.585,50.2,0.512,0.71,0.586,0.45,11107569.0,333227.06,2.9999999099713
G0137,12,GOV02,ECO00,2.888,,0.532,50.6,0.44,0.785,0.615,0.549,10830108.0,379053.78,3.5
G0137,13,GOV02,ECO00,2.817,,0.557,51.0,0.456,0.761,0.586,0.517,10259150.0,420625.12,4.099999707578113
G0138,1,GOV01,ECO01,7.153,10.546,0.961,71.5,0.916,0.777,0.776,0.241,43958883.0,21047514.0,47.88000186446958
G0138,3,GOV01,ECO01,6.995,10.587,0.957,72.06,0.782,0.784,0.763,0.264,45516501.0,25084144.0,55.110000656684925
G0138,4,GOV05,ECO01,7.294,10.579,0.948,72.34,0.834,0.683,0.772,0.26,46235055.0,27556092.0,59.599998312968374
G0138,5,GOV02,ECO01,6.199,10.532,0.929,72.62,0.749,0.798,0.752,0.336,46635182.0,29100354.0,62.40000092633926
G0138,6,GOV01,ECO01,6.188,10.529,0.95,72.9,0.796,0.84,0.724,0.322,46840469.0,30821030.0,65.80000298459863
G0138,7,GOV01,ECO01,6.518,10.518,0.944,73.02,0.819,0.846,0.737,0.356,46998040.0,31530984.0,67.08999779565275
G0138,8,GOV01,ECO01,6.291,10.487,0.937,73.14,0.755,0.844,0.749,0.366,47018323.0,32823490.0,69.80999726425802
G0138,9,GOV01,ECO01,6.15,10.476,0.929,73.26,0.759,0.916,0.696,0.372,46860394.0,33568444.0,71.6350016177841
G0138,10,GOV02,ECO01,6.456,10.492,0.948,73.38,0.738,0.854,0.716,0.335,46720187.0,35596110.0,76.18999898266674
G0138,11,GOV02,ECO01,6.381,10.531,0.956,73.5,0.732,0.822,0.732,0.285,46683683.0,36735216.0,78.6896269516696
G0138,12,GOV01,ECO01,6.319,10.56,0.942,73.8,0.768,0.819,0.653,0.301,46732768.0,37648540.0,80.56133118414898
G0138,13,GOV01,ECO01,6.23,10.586,0.903,74.1,0.756,0.791,0.625,0.302,46868594.0,39651884.0,84.60224772264344
G0138,14,GOV02,ECO01,6.513,10.605,0.91,74.4,0.722,0.777,0.659,0.357,47092817.0,40550324.0,86.10723796794743
G0138,15,GOV05,ECO01,6.457,10.618,0.949,74.7,0.778,0.73,0.663,0.316,47435121.0,43032508.0,90.71866391992549
G0138,16,GOV05,ECO01,6.502,10.488,0.935,75.0,0.783,0.73,0.686,0.317,47679482.0,44439972.0,93.20565185670432
G0139,2,GOV02,ECO02,4.345,8.912,0.864,65.78,0.724,0.838,0.757,0.216,20352416.0,516456.03,2.5375662034423825
G0139,3,GOV02,ECO02,4.415,8.97,0.838,65.86,0.736,0.847,0.709,0.22,20492546.0,795110.8,3.8800000741733114
G0139,4,GOV01,ECO02,4.431,9.021,0.816,65.94,0.834,0.861,0.79,0.153,20629377.0,,
G0139,5,GOV05,ECO02,4.212,9.049,0.83,66.02,0.799,0.69,0.77,0.172,20756438.0,,
G0139,6,GOV02,ECO02,3.977,9.119,0.814,66.1,0.738,0.769,0.823,0.163,20879092.0,,
G0139,7,GOV01,ECO02,4.181,9.193,0.842,66.2,0.823,0.76,0.825,0.175,21009054.0,,
G0139,8,GOV01,ECO02,4.225,9.279,0.824,66.3,0.8,0.823,0.864,0.197,21169461.0,,
G0139,9,GOV01,ECO02,4.365,9.305,0.809,66.4,0.834,0.842,0.86,0.208,21358829.0,,
G0139,10,GOV01,ECO02,4.268,9.344,0.805,66.5,0.868,0.791,0.843,0.187,21547454.0,2262482.8,10.500000603319537
G0139,11,GOV01,ECO02,4.612,9.383,0.863,66.6,0.902,0.859,0.848,0.235,21729975.0,3315994.2,15.260000069029072
G0139,13,GOV01,ECO02,4.331,9.44,0.823,67.0,0.827,0.844,0.795,0.27,22087525.0,7123227.0,32.250000848895475
G0139,14,GOV01,ECO02,4.435,9.462,0.833,67.2,0.859,0.856,0.831,0.302,22253116.0,10436712.0,46.90000267827661
G0139,15,GOV01,ECO02,4.213,9.479,0.815,67.4,0.824,0.863,0.816,0.315,22410552.0,11359310.0,50.68732800512901
G0140,5,GOV06,ECO02,4.455,8.106,0.911,53.7,0.71,0.701,0.734,0.245,34569114.0,,
G0140,6,GOV06,ECO02,4.435,8.076,0.855,54.0,0.648,0.737,0.669,0.221,35414403.0,,
G0140,7,GOV06,ECO02,4.314,8.204,0.818,54.28,0.583,0.663,0.586,0.249,36140808.0,,
G0140,8,GOV06,ECO02,4.55,8.296,0.813,54.56,0.412,0.734,0.576,0.242,36923175.0,,
G0140,10,GOV02,ECO02,4.139,8.317,0.811,55.12,0.39,0.794,0.541,0.303,38823324.0,,
G0141,8,GOV01,ECO01,6.269,9.797,0.797,62.24,0.885,0.751,0.764,0.25,562640.0,195130.3,34.68119934594056
G0142,7,GOV02,ECO02,4.867,8.94,0.837,40.808,0.607,0.917,0.821,0.251,1117845.0,202665.3,18.130000134186762
G0142,14,GOV06,ECO02,4.212,9.06,0.779,50.353,0.71,0.692,0.824,0.252,1168933.0,510823.72,43.6999999144519
G0142,15,GOV06,ECO02,4.396,9.07,0.759,51.27,0.597,0.724,0.778,0.28,1179885.0,637543.4,54.03436775617963
G0143,1,GOV00,ECO01,7.376,10.739,0.951,71.2,0.964,,0.84,0.151,9029771.0,7659955.0,84.83000288711641
G0143,3,GOV03,ECO01,7.241,10.806,0.917,71.48,0.91,0.289,0.796,0.177,9148280.0,7502504.5,82.01000078703319
G0143,4,GOV03,ECO01,7.516,10.793,0.923,71.62,0.912,0.314,0.804,0.134,9219903.0,8297912.5,89.99999783077978
G0143,5,GOV03,ECO01,7.266,10.74,0.903,71.76,0.864,0.292,0.82,0.151,9298738.0,8461852.0,91.00000451674195
G0143,6,GOV03,ECO01,7.496,10.79,0.97,71.9,0.905,0.253,0.833,0.2,9378234.0,8440411.0,90.00000426519534
G0143,7,GOV03,ECO01,7.382,10.814,0.921,71.98,0.941,0.269,0.815,0.179,9449263.0,8766080.0,92.76998639999755
G0143,8,GOV03,ECO01,7.56,10.8,0.929,72.06,0.944,0.254,0.855,0.17,9519477.0,8870247.0,93.17998247172612
G0143,9,GOV03,ECO01,7.434,10.804,0.916,72.14,0.936,0.324,0.829,0.184,9600620.0,9099813.0,94.78359730934044
G0143,10,GOV03,ECO01,7.239,10.82,0.933,72.22,0.945,0.25,0.836,0.208,9696438.0,8971144.0,92.51999548700255
G0143,11,GOV03,ECO01,7.289,10.853,0.929,72.3,0.935,0.232,0.818,0.191,9799483.0,8879331.0,90.61019851761567
G0143,12,GOV03,ECO01,7.369,10.861,0.912,72.4,0.918,0.246,0.816,0.201,9923281.0,8896315.0,89.6509430701398
G0143,13,GOV03,ECO01,7.287,10.873,0.914,72.5,0.935,0.239,0.814,0.175,10057864.0,9354444.0,93.0062685277908
G0143,14,GOV03,ECO01,7.375,10.881,0.931,72.6,0.942,0.263,0.823,0.161,10175400.0,9081236.0,89.24696817815516
G0143,15,GOV03,ECO01,7.398,10.882,0.934,72.7,0.942,0.25,0.826,0.202,10279120.0,9713095.0,94.49344885554406
G0143,16,GOV03,ECO01,7.314,10.838,0.936,72.8,0.951,0.203,0.766,0.222,10353682.0,9788312.0,94.53943051370517
G0144,2,GOV03,ECO01,7.473,11.05,0.951,71.54,0.919,0.408,0.821,0.212,7478514.0,5661235.0,75.69999868957925
G0144,5,GOV03,ECO01,7.525,11.055,0.938,72.26,0.891,0.342,0.814,0.202,7737644.0,6290705.0,81.30000553139948
G0144,8,GOV03,ECO01,7.776,11.079,0.947,72.78,0.945,0.323,0.859,0.176,7998927.0,6815085.5,85.19999619949026
G0144,10,GOV03,ECO01,7.493,11.098,0.959,73.06,0.949,0.283,0.823,0.189,8190238.0,7158268.0,87.39999985348412
G0144,11,GOV03,ECO01,7.572,11.1,0.938,73.2,0.928,0.21,0.809,0.166,8283940.0,7246712.5,87.47905585989275
G0144,12,GOV03,ECO01,7.459,11.106,0.928,73.5,0.934,0.302,0.779,0.206,8374903.0,7464944.0,89.13469206747827
G0144,13,GOV03,ECO01,7.474,11.115,0.95,73.8,0.925,0.316,0.774,0.196,8453630.0,7581735.0,89.68614666125676
G0144,14,GOV03,ECO01,7.509,11.134,0.93,74.1,0.926,0.301,0.792,0.192,8516341.0,7818001.5,91.80000542486498
G0144,15,GOV03,ECO01,7.694,11.136,0.949,74.4,0.913,0.294,0.798,0.171,8577525.0,7989629.0,93.14608817811664
G0144,16,GOV03,ECO01,7.508,11.081,0.946,74.7,0.917,0.28,0.769,0.193,8640582.0,8152385.0,94.34995235274661
G0145,4,GOV06,ECO02,5.323,8.652,0.712,63.9,0.661,0.68,0.609,0.338,21636566.0,3029119.2,13.99999981512778
G0145,5,GOV06,ECO02,4.979,8.654,0.842,64.0,0.748,0.688,0.574,0.292,21976971.0,3802015.8,17.29999916731018
G0145,6,GOV06,ECO02,4.465,8.729,0.934,64.1,0.647,0.743,0.558,0.225,22482417.0,4653860.5,20.700000805073582
G0145,7,GOV06,ECO02,4.038,8.727,0.576,62.32,0.53,0.741,0.599,0.496,22878104.0,5147573.5,22.500000437099157
G0145,8,GOV06,ECO02,3.164,8.563,0.588,60.54,0.467,0.673,0.464,0.705,22759763.0,5530645.0,24.300099258502822
G0145,9,GOV06,ECO02,2.688,8.396,0.585,58.76,0.455,0.663,0.387,0.622,21666921.0,5676733.5,26.200000913835428
G0145,11,GOV06,ECO02,3.462,8.442,0.464,55.2,0.448,0.685,0.369,0.643,19424615.0,5823460.0,29.979796253362036
G0146,2,GOV02,ECO01,6.189,10.613,0.882,68.68,0.63,0.846,0.814,0.094,22914644.0,,
G0146,4,GOV02,ECO01,5.548,10.606,0.83,69.14,0.642,0.785,0.794,0.169,23086238.0,,
G0146,6,GOV02,ECO01,6.229,10.691,0.831,69.6,0.677,0.821,0.845,0.136,23224049.0,,
G0146,7,GOV01,ECO01,6.309,10.705,0.863,,0.761,0.755,0.827,0.112,23273078.0,,
G0146,8,GOV02,ECO01,6.126,10.716,0.825,,0.698,0.803,0.821,0.14,23345963.0,,
G0146,9,GOV02,ECO01,6.34,10.75,0.817,,0.69,0.841,0.846,0.124,23416870.0,,
G0146,10,GOV02,ECO01,6.363,10.798,0.87,,0.693,0.866,0.849,0.108,23472811.0,,
G0146,11,GOV02,ECO01,6.45,10.842,0.885,,0.701,0.857,0.832,0.129,23529260.0,,
G0146,12,GOV02,ECO01,6.513,10.855,0.895,,0.719,0.811,0.833,0.108,23586140.0,,
G0146,13,GOV05,ECO01,6.359,10.871,0.891,,0.76,0.743,0.837,0.114,23632950.0,,
G0146,14,GOV06,ECO00,6.467,,0.896,,0.741,0.736,0.848,0.093,23659308.0,,
G0146,15,GOV05,ECO00,6.537,,0.893,,0.814,0.718,0.86,0.093,23674137.0,,
G0146,16,GOV05,ECO00,6.751,,0.901,,0.799,0.711,0.845,0.083,23663461.0,,
G0147,2,GOV02,ECO02,4.613,7.554,0.724,60.64,0.702,0.768,0.566,0.195,7057566.0,266240.06,3.7724062375045446
G0147,3,GOV05,ECO02,4.432,7.609,0.727,61.08,0.818,0.659,0.694,0.133,7194479.0,517831.22,7.197619452360622
G0147,4,GOV05,ECO02,5.064,7.665,0.701,61.52,0.816,0.723,0.606,0.16,7338402.0,644311.7,8.780000059958557
G0147,5,GOV02,ECO02,4.575,7.682,0.676,61.96,0.744,0.792,0.605,0.203,7490232.0,754266.3,10.06999916691499
G0147,6,GOV05,ECO02,4.381,7.723,0.759,62.4,0.784,0.679,0.643,0.192,7652144.0,883822.6,11.549999581816547
G0147,7,GOV05,ECO02,4.263,7.772,0.751,62.56,0.776,0.672,0.698,0.166,7824788.0,1019569.9,13.030000301605615
G0147,8,GOV06,ECO02,4.497,7.821,0.729,62.72,0.749,0.717,0.714,0.198,8014087.0,1162844.0,14.509999704270742
G0147,9,GOV02,ECO02,4.967,7.87,0.701,62.88,0.693,0.764,0.677,0.17,8216733.0,1314677.2,15.99999902637703
G0147,10,GOV05,ECO02,4.896,7.911,0.81,63.04,0.853,0.698,0.656,0.196,8425559.0,1473630.2,17.489999179876374
G0147,11,GOV05,ECO02,5.124,7.945,0.844,63.2,0.847,0.742,0.689,0.196,8643839.0,1640600.6,18.979999511791
G0147,12,GOV06,ECO02,5.104,7.987,0.857,63.5,0.703,0.632,0.644,0.22,8865623.0,1814793.0,20.469999683045398
G0147,13,GOV05,ECO02,5.829,8.036,0.663,63.8,0.832,0.718,0.603,0.278,9085942.0,1995272.8,21.95999930441995
G0147,14,GOV00,ECO02,5.497,8.082,0.875,64.1,,0.578,0.695,0.22,9307345.0,,
G0147,15,GOV00,ECO02,5.464,8.126,0.88,64.4,,0.49,0.729,0.178,9529970.0,,
G0147,16,GOV00,ECO02,5.373,8.08,0.79,64.7,,0.55,0.749,0.344,9749312.0,,
G0148,2,GOV05,ECO02,3.922,7.485,0.783,48.7,0.787,0.649,0.748,0.209,40294900.0,523833.7,1.3
G0148,3,GOV06,ECO02,4.318,7.522,0.708,49.6,0.716,0.707,0.755,0.22,41435508.0,662968.1,1.5999999324251075
G0148,4,GOV02,ECO02,4.385,7.549,0.774,50.5,0.562,0.93,0.744,0.178,42570728.0,808843.8,1.8999999248309778
G0148,5,GOV02,ECO02,3.408,7.572,0.837,51.4,0.607,0.903,0.778,0.161,43633975.0,1047215.44,2.400000091671685
G0148,6,GOV02,ECO02,3.229,7.604,0.813,52.3,0.597,0.866,0.717,0.146,44758491.0,1297996.2,2.8999999128656953
G0148,7,GOV02,ECO02,4.074,7.649,0.883,53.04,0.736,0.816,0.765,0.145,46029371.0,1472939.9,3.2000000608307246
G0148,8,GOV02,ECO02,4.007,7.663,0.832,53.78,0.577,0.887,0.679,0.195,47374261.0,1871283.4,3.9500001910320037
G0148,9,GOV02,ECO02,3.852,7.699,0.803,54.52,0.654,0.859,0.738,0.191,48824134.0,2148262.0,4.4000002130094105
G0148,10,GOV02,ECO02,3.483,7.734,0.789,55.26,0.654,0.878,0.731,0.241,50351506.0,3524605.5,7.000000158883033
G0148,11,GOV01,ECO02,3.661,7.764,0.79,56.0,0.759,0.906,0.619,0.192,52020958.0,5202096.0,10.000000384460431
G0148,12,GOV05,ECO02,2.903,7.8,0.638,56.5,0.775,0.739,0.694,0.246,53824012.0,7268519.5,13.50423208883054
G0148,13,GOV05,ECO02,3.347,7.836,0.705,57.0,0.8,0.654,0.715,0.255,55652888.0,8904462.0,15.999999856251845
G0148,14,GOV05,ECO02,3.445,7.859,0.675,57.5,0.807,0.612,0.762,0.221,57437134.0,9821750.0,17.10000014972892
G0148,15,GOV05,ECO02,3.64,7.886,0.687,58.0,0.85,0.589,0.726,0.243,59174889.0,10815547.0,18.277257773985855
G0148,16,GOV05,ECO02,3.786,7.881,0.74,58.5,0.83,0.521,0.686,0.271,60972803.0,14296603.0,23.44750822756172
G0149,2,GOV01,ECO02,5.885,9.461,0.894,64.14,0.863,0.935,0.814,0.164,66567685.0,11423491.0,17.16071544323646
G0149,3,GOV01,ECO02,5.784,9.508,0.889,64.48,0.87,0.898,0.832,0.18,67102388.0,13440609.0,20.03000101874169
G0149,4,GOV01,ECO02,5.636,9.52,0.832,64.82,0.868,0.933,0.819,0.145,67619835.0,12306810.0,18.20000004436568
G0149,5,GOV01,ECO02,5.476,9.508,0.893,65.16,0.868,0.904,0.898,0.166,68121077.0,13692337.0,20.100000767750632
G0149,6,GOV01,ECO02,6.217,9.576,0.898,65.5,0.86,0.917,0.901,0.182,68579443.0,15361795.0,22.399999661706204
G0149,7,GOV01,ECO02,6.664,9.579,0.884,65.72,0.927,0.923,0.934,0.117,69007212.0,16333956.0,23.669925978171673
G0149,8,GOV01,ECO02,6.3,9.645,0.906,65.94,0.847,0.909,0.855,0.138,69436091.0,18372790.0,26.46000046287168
G0149,9,GOV01,ECO02,6.231,9.667,0.926,66.16,0.781,0.925,0.846,0.141,69845112.0,20213176.0,28.940000840717385
G0149,10,GOV01,ECO02,6.985,9.672,0.933,66.38,0.9,0.92,0.811,0.169,70216362.0,24498488.0,34.889999000517854
G0149,11,GOV01,ECO02,6.202,9.699,0.866,66.6,0.885,0.914,0.91,0.174,70540787.0,27733906.0,39.31612784529892
G0149,12,GOV01,ECO01,6.074,9.729,0.908,66.8,0.924,0.878,0.835,0.218,70859835.0,33661940.0,47.504965259938864
G0149,13,GOV01,ECO01,5.939,9.765,0.877,67.0,0.923,0.884,0.816,0.232,71160183.0,37637990.0,52.89192412560266
G0149,14,GOV01,ECO01,6.012,9.803,0.873,67.2,0.905,0.907,0.843,0.198,71376081.0,40554092.0,56.817482035753684
G0149,15,GOV01,ECO01,6.022,9.824,0.903,67.4,0.898,0.877,0.843,0.208,71522264.0,47671320.0,66.65242028691932
G0149,16,GOV01,ECO01,5.885,9.769,0.867,67.6,0.84,0.918,0.783,0.326,71641484.0,55768412.0,77.8437420419711
G0150,2,GOV02,ECO02,3.202,7.078,0.435,49.26,0.628,0.85,0.615,0.348,6010673.0,120213.46,2.0
G0150,4,GOV02,ECO02,2.808,7.052,0.291,50.18,0.287,0.932,0.362,0.379,6368820.0,152851.69,2.4000001570149574
G0150,7,GOV02,ECO02,2.936,7.146,0.303,51.58,0.584,0.832,0.48,0.395,6916478.0,242076.73,3.5
G0150,10,GOV02,ECO02,2.839,7.247,0.444,53.02,0.663,0.795,0.583,0.443,7472457.0,425930.03,5.699999745732896
G0150,11,GOV05,ECO02,3.768,7.277,0.479,53.5,0.772,0.733,0.599,0.416,7663199.0,545619.75,7.119999754671646
G0150,12,GOV02,ECO02,3.879,7.306,0.509,53.9,0.73,0.815,0.604,0.483,7858297.0,888773.44,11.310000627362392
G0150,13,GOV06,ECO02,4.361,7.324,0.508,54.3,0.717,0.726,0.614,0.426,8057138.0,995880.4,12.360225181696032
G0150,14,GOV02,ECO02,4.023,7.348,0.596,54.7,0.612,0.809,0.608,0.446,8258782.0,1280111.2,15.49999987891677
G0150,15,GOV06,ECO02,4.179,7.375,0.539,55.1,0.617,0.737,0.59,0.444,8463070.0,1754168.2,20.727327081071053
G0151,2,GOV01,ECO01,5.832,10.224,0.887,61.76,0.84,0.917,0.798,0.229,1358706.0,407662.72,30.003747683457643
G0151,4,GOV01,ECO01,6.696,10.295,0.858,62.08,0.838,0.959,0.817,0.184,1372090.0,477487.3,34.79999854236967
G0151,7,GOV01,ECO01,6.519,10.263,0.863,62.54,0.775,0.9,0.906,0.134,1394990.0,770034.5,55.200001433702035
G0151,9,GOV01,ECO01,6.168,10.285,0.883,62.82,0.847,0.948,0.833,0.286,1412658.0,846182.2,59.90000410573543
G0151,13,GOV01,ECO01,6.192,10.183,0.916,63.5,0.859,0.911,0.846,0.248,1445265.0,1020357.06,70.5999979242561
G0152,5,GOV05,ECO02,5.025,9.197,,64.96,0.781,0.722,,,10650682.0,3628687.2,34.06999852216037
G0152,6,GOV06,ECO02,5.131,9.222,0.863,65.1,0.624,0.732,0.725,0.249,10765984.0,3961882.0,36.79999895968636
G0152,7,GOV02,ECO02,4.876,9.192,0.715,65.28,0.603,0.913,0.588,0.248,10886041.0,4256442.0,39.09999971523165
G0152,8,GOV02,ECO02,4.464,9.222,0.614,65.46,0.568,0.899,0.521,0.327,11009649.0,4562575.0,41.441602725027835
G0152,9,GOV02,ECO02,5.246,9.24,0.648,65.64,0.536,0.886,0.517,0.239,11141365.0,4879918.0,43.800001166822916
G0152,10,GOV02,ECO02,4.764,9.26,0.68,65.82,0.589,0.783,0.503,0.321,11274295.0,5204214.5,46.159999361379136
G0152,11,GOV02,ECO02,5.132,9.261,0.609,66.0,0.711,0.815,0.573,0.32,11402270.0,5302055.0,46.49999517639908
G0152,12,GOV02,ECO02,4.521,9.262,0.702,66.3,0.614,0.811,0.612,0.378,11528676.0,5718222.5,49.59999309547774
G0152,13,GOV02,ECO02,4.124,9.269,0.717,66.6,0.478,0.869,0.421,0.377,11650504.0,6466048.0,55.50015690308334
G0152,14,GOV02,ECO02,4.741,9.284,0.733,66.9,0.65,0.84,0.592,0.365,11765515.0,7552379.5,64.19081102697162
G0152,15,GOV02,ECO02,4.315,9.283,0.61,67.2,0.659,0.889,0.539,0.433,11875084.0,7920680.5,66.69999555371567
G0152,16,GOV02,ECO02,4.731,9.231,0.719,67.5,0.668,0.877,0.585,0.439,11974058.0,8718011.0,72.80748932400361
G0153,1,GOV02,ECO01,4.719,9.809,0.82,62.6,0.623,0.877,0.557,,69329557.0,10718350.0,15.460000703596014
G0153,3,GOV02,ECO01,5.623,9.903,0.792,63.32,0.459,0.8,0.651,0.395,70750593.0,20255894.0,28.629998903330748
G0153,4,GOV02,ECO01,5.118,9.899,0.645,63.68,0.415,0.785,0.614,0.345,71562343.0,24595976.0,34.3699981986336
G0153,5,GOV02,ECO01,5.213,9.838,0.755,64.04,0.456,0.853,0.598,0.316,72464846.0,26377206.0,36.4000028372378
G0153,6,GOV02,ECO01,5.49,9.906,0.795,64.4,0.515,0.811,0.652,0.327,73346766.0,29206682.0,39.819999698418876
G0153,7,GOV06,ECO01,5.272,9.996,0.692,64.64,0.446,0.649,0.621,0.38,74215203.0,31961306.0,43.065712560268814
G0153,8,GOV06,ECO01,5.309,10.026,0.739,64.88,0.471,0.702,0.645,0.335,75197196.0,33936496.0,45.13000192188017
G0153,9,GOV06,ECO01,4.888,10.091,0.795,65.12,0.541,0.698,0.635,0.392,76403032.0,35336404.0,46.250002225042586
G0153,10,GOV02,ECO01,5.58,10.124,0.863,65.36,0.649,0.764,0.483,0.377,78036154.0,39829652.0,51.039998716492356
G0153,11,GOV02,ECO01,5.514,10.166,0.851,65.6,0.653,0.806,0.46,0.382,80014222.0,43003628.0,53.744980486094086
G0153,12,GOV02,ECO01,5.326,10.181,0.88,66.0,0.644,0.764,0.465,0.39,81652087.0,47642140.0,58.347730903681615
G0153,13,GOV06,ECO01,5.607,10.238,0.876,66.4,0.644,0.671,0.45,0.313,83083667.0,53742350.0,64.68461484734418
G0153,14,GOV02,ECO01,5.186,10.251,0.847,66.8,0.529,0.805,0.435,0.351,84415966.0,59971436.0,71.04276458792167
G0153,15,GOV02,ECO01,4.872,10.246,0.792,67.2,0.631,0.76,0.422,0.368,85357670.0,63144788.0,73.97670062924632
G0153,16,GOV02,ECO01,4.862,10.219,0.857,67.6,0.51,0.774,0.384,0.44,86091691.0,66867040.0,77.66956279207014
G0154,5,GOV00,ECO02,6.568,8.989,0.924,59.44,,,0.781,0.152,5451597.0,106306.14,1.949999972485127
G0154,7,GOV00,ECO02,5.792,9.182,0.964,60.04,,,0.639,0.122,5683413.0,284170.66,5.000000175950612
G0154,8,GOV00,ECO02,5.464,9.269,0.946,60.28,0.786,,0.584,0.117,5808548.0,417971.5,7.1958000519234755
G0154,9,GOV00,ECO02,5.392,9.348,0.846,60.52,0.705,,0.599,0.16,5939348.0,570177.44,9.600000538779677
G0154,10,GOV00,ECO02,5.787,9.427,0.909,60.76,0.805,,0.695,0.154,6075286.0,741184.9,12.200000131681044
G0154,11,GOV00,ECO02,5.791,9.472,0.96,61.0,0.701,,0.705,0.301,6215773.0,932165.5,14.996775139632673
G0154,12,GOV00,ECO02,5.887,9.515,0.929,61.4,0.749,,0.636,0.255,6360041.0,1144192.0,17.990324276211428
G0154,13,GOV00,ECO02,5.229,9.561,0.908,61.8,0.72,,0.521,0.35,6507065.0,1382816.2,21.25099718536698
G0154,14,GOV00,ECO02,4.621,9.605,0.984,62.2,0.858,,0.612,0.189,6655523.0,,
G0154,15,GOV00,ECO02,5.474,9.651,0.982,62.6,0.892,,0.51,0.183,6803943.0,,
G0155,2,GOV02,ECO02,3.734,7.37,0.76,46.48,0.747,0.807,0.59,0.254,28794005.0,728304.94,2.5293631087443376
G0155,3,GOV02,ECO02,4.456,7.419,0.845,47.46,0.708,0.881,0.708,0.228,29653437.0,1088863.9,3.671965243017192
G0155,4,GOV02,ECO02,4.569,7.471,0.813,48.44,0.578,0.848,0.641,0.24,30539547.0,1184934.5,3.8800002501674307
G0155,5,GOV01,ECO02,4.612,7.505,0.852,49.42,0.76,0.84,0.64,0.296,31451147.0,1289497.0,4.0999999141525745
G0155,6,GOV01,ECO02,4.193,7.528,0.83,50.4,0.801,0.855,0.648,0.251,32390801.0,1392804.5,4.300000175975889
G0155,7,GOV02,ECO02,4.826,7.586,0.882,51.22,0.733,0.83,0.678,0.254,33354541.0,1534308.9,4.600000041973296
G0155,8,GOV02,ECO02,4.309,7.592,0.885,52.04,0.649,0.838,0.754,0.265,34337436.0,1648197.0,4.800000209683682
G0155,9,GOV01,ECO02,3.71,7.595,0.878,52.86,0.763,0.82,0.676,0.346,35337050.0,1802189.5,5.099999858505449
G0155,10,GOV01,ECO02,3.77,7.611,0.821,53.68,0.834,0.898,0.681,0.397,36395542.0,1965359.2,5.399999813163931
G0155,11,GOV01,ECO02,4.238,7.627,0.747,54.5,0.758,0.873,0.703,0.353,37531444.0,2176823.8,5.80000012789276
G0155,12,GOV02,ECO02,4.233,7.637,0.754,54.9,0.739,0.811,0.668,0.41,38799153.0,2289150.0,5.899999930410852
G0155,13,GOV01,ECO02,4.001,7.638,0.74,55.3,0.772,0.816,0.703,0.4,40177384.0,2370465.8,5.900000358410591
G0155,14,GOV02,ECO02,4.322,7.66,0.74,55.7,0.729,0.856,0.685,0.39,41565839.0,2493950.2,5.999999663184954
G0155,15,GOV02,ECO02,4.948,7.688,0.805,56.1,0.704,0.826,0.693,0.385,42999636.0,2587638.5,6.017814894991204
G0155,16,GOV02,ECO02,4.641,7.684,0.8,56.5,0.687,0.878,0.699,0.425,44457148.0,2711886.0,6.099999937018002
G0156,2,GOV02,ECO02,4.804,9.38,0.852,60.12,0.624,0.929,0.622,0.249,47278691.0,2130436.8,4.506124757134244
G0156,3,GOV02,ECO02,5.252,9.459,0.82,60.64,0.494,0.968,0.636,0.208,47062802.0,3082613.5,6.549999934130569
G0156,4,GOV02,ECO02,5.172,9.488,0.86,61.16,0.487,0.929,0.573,0.186,46819168.0,5150108.5,11.000000042717547
G0156,5,GOV02,ECO02,5.166,9.332,0.845,61.68,0.46,0.962,0.583,0.189,46623731.0,8345647.5,17.899999251454158
G0156,6,GOV02,ECO02,5.058,9.374,0.884,62.2,0.484,0.954,0.513,0.227,46455997.0,10824247.0,23.29999935207504
G0156,7,GOV02,ECO02,5.083,9.431,0.859,62.5,0.579,0.933,0.59,0.22,46307854.0,13294181.0,28.70826404523086
G0156,8,GOV02,ECO02,5.03,9.436,0.898,62.8,0.564,0.896,0.57,0.193,46210051.0,16298285.0,35.27000002661759
G0156,9,GOV02,ECO02,4.711,9.438,0.897,63.1,0.569,0.937,0.643,0.225,46126760.0,18890812.0,40.954127278829034
G0156,10,GOV02,ECO02,4.297,9.426,0.877,63.4,0.533,0.927,0.594,0.249,45972379.0,21255778.0,46.23597573664831
G0156,11,GOV02,ECO02,3.965,9.327,0.909,63.7,0.431,0.952,0.574,0.241,45784904.0,22381788.0,48.884645471791316
G0156,12,GOV02,ECO02,4.029,9.353,0.885,64.0,0.503,0.891,0.589,0.22,45616831.0,24177362.0,53.00096799797426
G0156,13,GOV02,ECO02,4.311,9.382,0.858,64.3,0.599,0.937,0.597,0.235,45436037.0,26757046.0,58.88948017187327
G0156,14,GOV02,ECO02,4.662,9.42,0.901,64.6,0.663,0.943,0.609,0.222,45208903.0,28279594.0,62.55315241778815
G0156,15,GOV02,ECO02,4.702,9.458,0.883,64.9,0.715,0.885,0.634,0.201,44957451.0,31526344.0,70.1248476031259
G0156,16,GOV01,ECO02,5.27,9.428,0.885,65.2,0.784,0.946,0.688,0.285,44680008.0,33526944.0,75.03790957244233
G0157,2,GOV03,ECO01,6.734,11.367,0.903,65.92,0.898,0.203,0.746,0.275,5009106.0,2604735.0,51.99999760436293
G0157,5,GOV03,ECO01,6.866,10.975,0.885,66.28,0.849,0.339,0.77,0.287,6707063.0,4292520.5,64.00000268373802
G0157,6,GOV03,ECO01,7.097,10.914,0.912,66.4,0.878,0.355,0.763,0.233,6938372.0,4718093.0,68.0000005765041
G0157,7,GOV00,ECO01,7.119,10.935,0.881,66.42,0.889,,0.763,0.216,7199436.0,5615560.0,77.99999888880184
G0157,8,GOV00,ECO01,7.218,10.958,0.856,66.44,0.92,,0.768,0.224,7497122.0,6372553.0,84.99999066308378
G0157,9,GOV00,ECO01,6.621,11.001,0.864,66.46,0.936,,,0.291,7831851.0,6892029.0,88.00000153220483
G0157,10,GOV00,ECO01,6.54,11.041,,66.48,,,,,8236880.0,7446139.5,90.39999975718962
G0157,11,GOV00,ECO01,6.568,11.086,0.824,66.5,0.915,,0.761,0.296,8674633.0,7850543.0,90.50000155626181
G0157,12,GOV00,ECO01,6.831,11.105,0.849,66.7,0.949,,0.775,0.245,9030873.0,8181971.5,90.60000622309715
G0157,13,GOV00,ECO01,7.039,11.115,0.836,66.9,0.962,,0.795,0.208,9234330.0,8755985.0,94.81992737967995
G0157,14,GOV00,ECO01,6.604,11.112,0.851,67.1,0.944,,0.787,0.302,9346870.0,9201994.0,98.45000518890281
G0157,15,GOV00,ECO01,6.711,11.114,0.862,67.3,0.911,,0.793,0.284,9377855.0,9298143.0,99.14999752075501
G0157,16,GOV00,ECO01,6.458,11.053,0.827,67.5,0.942,,0.752,0.298,9448529.0,9448529.0,100.0
G0158,1,GOV03,ECO01,6.984,10.663,0.979,69.9,0.922,0.398,0.864,0.262,60596107.0,42417276.0,70.00000181529813
G0158,3,GOV03,ECO01,6.802,10.699,0.97,70.46,0.838,0.498,0.782,0.241,61535859.0,46207276.0,75.08999914992656
G0158,4,GOV05,ECO01,6.986,10.689,0.954,70.74,0.759,0.548,0.819,0.218,62027303.0,48623204.0,78.39000189964732
G0158,5,GOV05,ECO01,6.907,10.638,0.964,71.02,0.816,0.559,0.846,0.231,62506222.0,52230196.0,83.55999503537424
G0158,6,GOV05,ECO01,7.029,10.649,0.955,71.3,0.841,0.587,0.863,0.176,63006482.0,53555508.0,84.99999730186491
G0158,7,GOV03,ECO01,6.869,10.657,0.949,71.38,0.9,0.438,0.844,0.174,63509285.0,54224224.0,85.37999443703389
G0158,8,GOV03,ECO01,6.881,10.664,0.935,71.46,0.889,0.425,0.844,0.184,63960488.0,55952630.0,87.47999233526798
G0158,9,GOV05,ECO01,6.918,10.679,0.937,71.54,0.905,0.568,0.776,0.252,64389386.0,57850064.0,89.84409946074031
G0158,10,GOV03,ECO01,6.758,10.697,0.91,71.62,0.857,0.484,0.794,0.251,64865914.0,59423664.0,91.61000028458706
G0158,11,GOV03,ECO01,6.515,10.712,0.936,71.7,0.833,0.456,0.798,0.219,65382107.0,60151732.0,92.00029604429848
G0158,12,GOV03,ECO01,6.824,10.724,0.954,71.9,0.821,0.458,0.776,0.23,65893359.0,62450960.0,94.77580282407519
G0158,13,GOV03,ECO01,7.103,10.736,0.937,72.1,0.813,0.419,0.759,0.21,66354473.0,60000736.0,90.4245535941488
G0158,14,GOV03,ECO01,7.233,10.743,0.928,72.3,0.838,0.404,0.783,0.228,66752473.0,60539160.0,90.69201076640262
G0158,15,GOV03,ECO01,7.157,10.751,0.943,72.5,0.854,0.485,0.775,0.251,67110958.0,62088800.0,92.51663491377965
G0158,16,GOV03,ECO01,6.798,10.626,0.929,72.7,0.885,0.49,0.758,0.225,67351860.0,63861820.0,94.81819804234063
G0159,2,GOV05,ECO01,7.182,10.924,0.965,68.06,0.911,0.6,0.827,0.261,298730208.0,205918290.0,68.93119091591835
G0159,3,GOV05,ECO01,7.513,10.933,,68.22,0.872,0.633,0.829,0.232,301844223.0,226383170.0,75.00000091106597
G0159,4,GOV05,ECO01,7.28,10.922,0.953,68.38,0.878,0.668,0.872,0.227,304970325.0,225678050.0,74.00000311505718
G0159,5,GOV05,ECO01,7.158,10.888,0.912,68.54,0.831,0.665,0.843,0.262,308023452.0,218696660.0,71.0000029478275
G0159,6,GOV05,ECO01,7.164,10.905,0.926,68.7,0.828,0.69,0.861,0.231,311062785.0,223000910.0,71.68999981788242
G0159,7,GOV05,ECO01,7.115,10.913,0.922,68.68,0.863,0.697,0.836,0.273,314105075.0,219023780.0,69.72946234631834
G0159,8,GOV05,ECO01,7.026,10.928,0.903,68.66,0.823,0.71,0.834,0.26,317115349.0,236885150.0,74.69999504817409
G0159,9,GOV05,ECO01,7.249,10.939,0.925,68.64,0.792,0.747,0.814,0.26,320110752.0,228559090.0,71.40000408358667
G0159,10,GOV05,ECO01,7.151,10.956,0.902,68.62,0.866,0.702,0.834,0.281,323115377.0,235874220.0,72.99999838757287
G0159,11,GOV05,ECO01,6.864,10.977,0.904,68.6,0.849,0.698,0.814,0.275,326126496.0,243141000.0,74.55419997521453
G0159,12,GOV05,ECO01,6.804,10.986,0.897,68.5,0.758,0.739,0.806,0.264,329179423.0,281594620.0,85.54441751968196
G0159,13,GOV05,ECO01,6.992,11.001,0.921,68.4,0.868,0.681,0.827,0.268,332204657.0,289931230.0,87.27488428917479
G0159,14,GOV05,ECO01,6.883,11.025,0.904,68.3,0.825,0.71,0.815,0.292,335056492.0,296521300.0,88.49889707554152
G0159,15,GOV05,ECO01,6.944,11.043,0.917,68.2,0.836,0.707,0.815,0.244,337790069.0,302086620.0,89.43028458305564
G0159,16,GOV05,ECO01,7.028,11.001,0.937,68.1,0.85,0.678,0.787,0.295,339436156.0,307598620.0,90.62046413228884
G0160,2,GOV03,ECO02,5.786,9.543,0.912,67.44,0.807,0.477,0.784,0.306,3289508.0,967115.3,29.39999841921649
G0160,3,GOV05,ECO02,5.694,9.604,0.875,67.58,0.786,0.614,0.777,0.274,3295155.0,1120352.8,34.000003034758606
G0160,4,GOV05,ECO02,5.664,9.671,0.879,67.72,0.808,0.597,0.751,0.264,3302184.0,1297758.2,39.29999660830529
G0160,5,GOV05,ECO01,6.296,9.71,0.924,67.86,0.825,0.544,0.793,0.255,3310093.0,1383618.9,41.80000078547642
G0160,6,GOV03,ECO01,6.062,9.782,0.893,68.0,0.832,0.471,0.807,0.231,3318581.0,1539821.6,46.40000048213378
G0160,7,GOV05,ECO01,6.554,9.83,0.891,68.14,0.851,0.556,0.805,0.252,3326829.0,1710145.1,51.4046589109329
G0160,8,GOV05,ECO01,6.45,9.861,0.865,68.28,0.871,0.615,0.788,0.214,3335406.0,1816254.2,54.453766647898334
G0160,9,GOV05,ECO01,6.444,9.904,0.917,68.42,0.888,0.586,0.826,0.253,3345335.0,1929923.8,57.69000115085634
G0160,10,GOV05,ECO01,6.561,9.932,0.902,68.56,0.904,0.533,0.869,0.251,3356343.0,2062808.4,61.4599997676042
G0160,11,GOV05,ECO01,6.628,9.932,0.891,68.7,0.917,0.673,0.893,0.3,3368022.0,2174758.2,64.5707836825294
G0160,12,GOV05,ECO01,6.171,9.946,0.9,68.8,0.886,0.676,0.842,0.283,3379279.0,2243841.2,66.39999834284178
G0160,13,GOV05,ECO01,6.336,9.968,0.914,68.9,0.898,0.627,0.836,0.28,3388444.0,2382833.8,70.3223603518311
G0160,14,GOV05,ECO01,6.372,9.98,0.917,69.0,0.876,0.683,0.877,0.275,3394538.0,2740303.5,80.72684707020514
G0160,15,GOV05,ECO01,6.6,9.979,0.933,69.1,0.903,0.599,0.889,0.222,3397206.0,2831623.2,83.35153064017902
G0160,16,GOV03,ECO01,6.31,9.937,0.921,69.2,0.908,0.491,0.807,0.265,3398966.0,2933654.0,86.31018962825753
G0161,2,GOV05,ECO02,5.232,8.193,0.903,61.44,0.784,0.609,0.728,0.195,26699046.0,1705621.0,6.388321889853293
G0161,4,GOV00,ECO02,5.311,8.339,0.894,62.32,0.831,,0.714,0.187,27494780.0,2496557.5,9.080114479912186
G0161,5,GOV00,ECO02,5.261,8.4,0.905,62.76,,0.61,0.736,0.159,27939333.0,3324780.5,11.899999545443695
G0161,6,GOV00,ECO02,5.095,8.445,0.903,63.2,,0.519,0.776,0.152,28385509.0,4513296.0,15.900000243081777
G0161,7,GOV05,ECO02,5.739,8.493,0.924,63.4,0.934,0.522,0.787,0.123,28823194.0,5361114.0,18.59999970856804
G0161,8,GOV03,ECO02,6.019,8.55,0.933,63.6,0.914,0.463,0.786,0.118,29261908.0,6905810.5,23.600000724491377
G0161,9,GOV03,ECO02,5.94,8.607,0.963,63.8,0.95,0.434,0.749,0.13,29724065.0,7966049.0,26.799998587003493
G0161,10,GOV05,ECO02,6.049,8.659,0.952,64.0,0.954,0.536,0.805,0.106,30222994.0,10729163.0,35.500000430136076
G0161,11,GOV03,ECO02,5.972,8.714,0.968,64.2,0.98,0.471,0.84,0.103,30749349.0,13160721.0,42.79999879021829
G0161,12,GOV00,ECO02,5.893,8.756,0.945,64.5,0.984,,0.842,0.147,31284565.0,14638450.0,46.7912850953817
G0161,13,GOV03,ECO02,6.421,8.782,0.942,64.8,0.985,0.465,0.839,0.203,31819172.0,15495936.0,48.699997598931866
G0161,14,GOV05,ECO02,6.205,8.818,0.921,65.1,0.97,0.52,0.825,0.209,32373489.0,17870166.0,55.2000002224042
G0161,15,GOV05,ECO02,6.154,8.853,0.915,65.4,0.97,0.511,0.845,0.22,32964700.0,23207150.0,70.40000364025761
G0162,1,GOV05,ECO02,7.17,9.313,0.955,65.4,0.838,0.72,0.819,0.233,26785797.0,3362420.5,12.552997769676221
G0162,2,GOV05,ECO02,6.525,9.46,0.946,65.46,0.798,0.646,0.859,0.178,27224691.0,4144880.8,15.224712008668895
G0162,4,GOV02,ECO01,6.258,9.701,0.922,65.58,0.678,0.776,0.802,0.224,28053694.0,7260296.0,25.879999974334932
G0162,5,GOV02,ECO02,7.189,9.542,0.945,65.64,0.677,0.828,0.825,0.18,28438296.0,9299323.0,32.700000731408096
G0162,6,GOV01,ECO01,7.478,9.717,0.932,65.7,0.768,0.754,0.862,0.13,28813101.0,10767456.0,37.37000054246157
G0162,7,GOV01,ECO01,6.58,9.822,0.931,65.74,0.766,0.772,0.828,0.199,29185220.0,11738296.0,40.22000176801819
G0162,8,GOV05,ECO01,7.067,9.826,0.932,65.78,0.804,0.743,0.858,0.176,29553829.0,14496178.0,49.050084170142554
G0162,9,GOV02,ECO01,6.553,9.739,0.896,65.82,0.642,0.837,0.84,0.238,29912195.0,16421796.0,54.90000315924659
G0162,10,GOV02,ECO02,6.136,9.557,0.904,65.86,0.57,0.827,0.811,0.244,30254080.0,17244826.0,57.000001322135724
G0162,11,GOV02,ECO02,5.569,9.001,0.911,65.9,0.512,0.813,0.867,0.223,30573968.0,17732902.0,58.00000183162356
G0162,12,GOV02,ECO02,4.041,9.01,0.902,66.1,0.458,0.89,0.688,0.392,30765719.0,18459432.0,60.00000195022258
G0162,13,GOV02,ECO02,5.071,9.073,0.896,66.3,0.636,0.844,0.726,0.363,30565331.0,18828244.0,61.60000034025478
G0162,14,GOV02,ECO00,5.006,,0.887,66.5,0.611,0.828,0.759,0.374,29807591.0,,
G0162,15,GOV02,ECO00,5.081,,0.888,66.7,0.626,0.839,0.761,0.351,28938096.0,,
G0162,16,GOV02,ECO00,4.574,,0.805,66.9,0.612,0.811,0.722,0.396,28444080.0,,
G0163,2,GOV00,ECO02,5.294,8.335,0.888,65.86,0.886,,0.682,0.204,82167901.0,14177712.0,17.25456270326292
G0163,3,GOV01,ECO02,5.422,8.394,0.856,66.02,0.918,0.754,0.588,0.206,83633374.0,17358480.0,20.755446264788983
G0163,4,GOV01,ECO02,5.48,8.44,0.805,66.18,0.889,0.789,0.665,0.218,85175789.0,20374048.0,23.919999144357796
G0163,5,GOV01,ECO02,5.304,8.483,0.815,66.34,0.834,0.838,0.583,0.19,86460023.0,22955136.0,26.549999876821683
G0163,6,GOV05,ECO02,5.296,8.535,0.787,66.5,0.831,0.743,0.685,0.216,87455148.0,26805002.0,30.649999014351906
G0163,7,GOV05,ECO02,5.767,8.585,0.898,66.66,0.818,0.742,0.532,0.193,88468315.0,31025838.0,35.06999992031045
G0163,8,GOV01,ECO02,5.535,8.626,0.775,66.82,0.856,0.815,0.615,0.221,89510355.0,32939810.0,36.799999284998925
G0163,9,GOV01,ECO02,5.023,8.668,0.759,66.98,0.92,0.771,0.718,0.165,90573103.0,34870644.0,38.499999276827246
G0163,10,GOV00,ECO02,5.085,8.716,0.792,67.14,,,0.701,0.241,91679582.0,37588628.0,40.99999932373164
G0163,11,GOV00,ECO02,5.076,8.77,0.849,67.3,,,0.642,0.232,92823254.0,41770464.0,44.999999676805125
G0163,12,GOV01,ECO02,5.062,8.82,0.876,67.5,0.894,0.799,0.536,0.223,94000115.0,49820060.0,52.999998989362936
G0163,13,GOV00,ECO02,5.175,8.876,,67.7,,,,,95176978.0,55335896.0,58.14000104100805
G0163,14,GOV01,ECO02,5.296,8.934,0.832,67.9,0.909,0.808,0.692,0.191,96237319.0,67219780.0,69.84793497832166
G0163,15,GOV01,ECO02,5.467,8.992,0.848,68.1,0.952,0.788,0.751,0.186,97173778.0,66721056.0,68.66158481560736
G0164,3,GOV00,ECO02,4.477,8.214,0.825,53.4,0.673,,0.592,0.379,24318090.0,1218336.4,5.01000037420702
G0164,5,GOV02,ECO02,4.809,8.278,0.756,54.0,0.644,0.832,0.583,0.374,25927723.0,2582401.2,9.959999958345746
G0164,6,GOV02,ECO02,4.35,8.453,0.727,54.3,0.659,0.853,0.582,0.308,26754383.0,3304166.5,12.350000745672213
G0164,7,GOV02,ECO02,3.746,8.336,0.663,54.3,0.638,0.754,0.503,0.285,27582902.0,4111231.5,14.90499984374378
G0164,8,GOV02,ECO02,4.061,8.236,0.682,54.3,0.706,0.793,0.502,0.263,28433655.0,4960678.0,17.446501337939143
G0164,9,GOV02,ECO02,4.218,8.242,0.694,54.3,0.543,0.885,0.558,0.266,29312955.0,5862591.0,20.0
G0164,10,GOV02,ECO02,3.968,8.117,0.638,54.3,0.664,0.885,0.611,0.276,30226311.0,6816033.0,22.54999956825694
G0164,11,GOV02,ECO02,2.983,7.858,0.669,54.3,0.61,0.829,0.507,0.321,31159378.0,7504863.5,24.085408572661496
G0164,12,GOV00,ECO02,3.826,7.715,0.775,55.1,0.533,,0.469,0.228,32109023.0,7892143.5,24.579207844474123
G0164,13,GOV00,ECO02,3.254,7.578,0.79,55.9,0.595,,0.455,0.295,33090923.0,8841350.0,26.718354154098392
G0164,14,GOV02,ECO00,3.058,,0.789,56.7,0.553,0.793,0.461,0.315,34085181.0,,
G0164,15,GOV02,ECO00,4.197,,0.87,57.5,0.651,0.798,0.543,0.213,35111416.0,,
G0165,2,GOV02,ECO02,4.824,7.817,0.798,44.26,0.721,0.785,0.701,0.226,12129560.0,194072.97,1.6000000824432214
G0165,3,GOV02,ECO02,3.998,7.871,0.688,45.72,0.682,0.948,0.687,0.246,12565093.0,238736.77,1.900000023875669
G0165,4,GOV02,ECO02,4.73,7.918,0.624,47.18,0.717,0.89,0.744,0.206,13021327.0,286469.2,2.200000046078253
G0165,5,GOV02,ECO02,5.26,7.978,0.782,48.64,0.696,0.917,0.728,0.123,13490395.0,337259.88,2.500000037063407
G0165,7,GOV02,ECO02,4.999,8.071,0.864,50.84,0.663,0.882,0.833,0.204,14437796.0,505322.88,3.5000001385252983
G0165,8,GOV01,ECO02,5.013,8.114,0.78,51.58,0.788,0.806,0.726,0.25,14913631.0,611458.9,4.1000001944529805
G0165,9,GOV05,ECO02,5.244,8.131,0.761,52.32,0.77,0.732,0.735,0.308,15399000.0,739152.0,4.8
G0165,10,GOV01,ECO02,4.346,8.146,0.706,53.06,0.812,0.809,0.692,0.327,15895320.0,1033195.8,6.5
G0165,11,GOV01,ECO02,4.843,8.144,0.691,53.8,0.759,0.871,0.69,0.382,16399092.0,1443120.1,8.800000024391595
G0165,12,GOV01,ECO02,4.348,8.151,0.767,54.3,0.812,0.771,0.731,0.372,16914428.0,1742186.1,10.300000094593798
G0165,13,GOV05,ECO02,3.933,8.156,0.744,54.8,0.823,0.74,0.685,0.387,17441328.0,2127842.0,12.199999908263866
G0165,14,GOV01,ECO02,4.041,8.167,0.718,55.3,0.791,0.811,0.703,0.351,17973574.0,2570220.5,14.299996761912794
G0165,15,GOV01,ECO02,3.307,8.155,0.638,55.8,0.811,0.832,0.743,0.394,18513839.0,3110324.8,16.799999178992536
G0165,16,GOV01,ECO02,4.838,8.117,0.767,56.3,0.75,0.81,0.691,0.345,19059394.0,3440585.5,18.051914452264327
G0166,2,GOV02,ECO02,3.826,7.711,0.822,41.58,0.431,0.905,0.715,0.297,12636442.0,303274.62,2.4000000949634397
G0166,3,GOV02,ECO02,3.28,7.666,0.828,42.86,0.456,0.946,0.661,0.265,12804062.0,384121.88,3.000000156200431
G0166,4,GOV02,ECO02,3.174,7.461,0.843,44.14,0.344,0.964,0.631,0.25,12959154.0,453570.38,3.499999922834469
G0166,5,GOV02,ECO02,4.056,7.563,0.806,45.42,0.411,0.931,0.736,0.218,13142791.0,525711.6,3.9999996956506423
G0166,6,GOV02,ECO02,4.682,7.729,0.857,46.7,0.665,0.828,0.748,0.122,13356551.0,854819.25,6.399999895182521
G0166,7,GOV02,ECO02,4.846,7.846,0.865,48.12,0.633,0.83,0.781,0.211,13595421.0,1142015.2,8.3999987937115
G0166,8,GOV02,ECO02,4.955,7.983,0.896,49.54,0.47,0.859,0.669,0.177,13817887.0,1658146.5,12.00000043421979
G0166,9,GOV02,ECO02,4.69,7.985,0.799,50.96,0.576,0.831,0.712,0.182,14013811.0,2172140.8,15.500000677902676
G0166,10,GOV02,ECO02,4.184,7.991,0.766,52.38,0.642,0.82,0.725,0.239,14207367.0,2324998.8,16.364740912232364
G0166,11,GOV02,ECO02,3.703,7.992,0.736,53.8,0.667,0.81,0.715,0.179,14399008.0,3274740.2,22.74281811635913
G0166,12,GOV06,ECO02,3.735,7.984,0.768,54.4,0.733,0.724,0.738,0.209,14600297.0,3375587.0,23.119988586533548
G0166,13,GOV01,ECO02,3.638,8.016,0.754,55.0,0.753,0.751,0.806,0.224,14812484.0,3614246.0,24.399999351898035
G0166,14,GOV01,ECO02,3.616,8.049,0.775,55.6,0.763,0.844,0.71,0.212,15034457.0,3758614.2,24.99999966743062
G0166,15,GOV02,ECO02,2.694,7.95,0.759,56.2,0.632,0.831,0.716,0.235,15271377.0,4060395.5,26.588273604927704
G0166,16,GOV02,ECO02,3.16,7.829,0.717,56.8,0.643,0.789,0.703,0.346,15526887.0,4549155.0,29.29856448365986
